date,balance
2010-03-31,6495609.0
2010-04-08,44701539.0
2010-04-09,70396638.0
2010-04-12,113874011.0
2010-04-15,151079574.0
2010-04-19,185858665.0
2010-04-21,203052194.0
2010-04-22,255823022.0
2010-04-23,260855943.0
2010-04-26,291675179.0
2010-04-27,320128377.0
2010-04-28,353372191.0
2010-04-29,367582591.0
2010-04-30,381443354.0
2010-05-04,395098986.0
2010-05-05,475709612.0
2010-05-06,530310718.0
2010-05-07,527400164.0
2010-05-10,554363992.0
2010-05-11,589333318.0
2010-05-12,615452424.0
2010-05-13,633079737.0
2010-05-14,661363472.0
2010-05-17,730562192.0
2010-05-18,744527444.0
2010-05-19,761580286.0
2010-05-20,788436529.0
2010-05-21,817407102.0
2010-05-24,908771432.0
2010-05-25,936903447.0
2010-05-27,979875745.0
2010-05-28,1018328069.0
2010-05-31,1026415657.0
2010-06-01,1048893700.0
2010-06-02,1067251367.0
2010-06-03,1117185262.0
2010-06-04,1130762556.0
2010-06-07,1131897100.0
2010-06-08,1132852762.0
2010-06-09,1229580163.0
2010-06-10,1239721616.0
2010-06-11,1237994872.0
2010-06-17,1261723964.0
2010-06-18,1294569520.0
2010-06-21,1341262202.0
2010-06-22,1383078518.0
2010-06-23,1385363994.0
2010-06-24,1425798020.0
2010-06-25,1426071025.0
2010-06-28,1473509845.0
2010-06-29,1461043702.0
2010-06-30,1483660376.0
2010-07-01,1469361631.0
2010-07-02,1497751374.0
2010-07-05,1596118993.0
2010-07-06,1655236169.0
2010-07-07,1692874519.0
2010-07-08,1735329116.0
2010-07-09,1798874680.0
2010-07-12,1903358845.0
2010-07-13,1999621337.0
2010-07-14,1982357613.0
2010-07-15,2012869984.0
2010-07-16,2051286756.0
2010-07-19,2036001551.0
2010-07-20,2206995976.0
2010-07-21,2247537853.0
2010-07-22,2290944745.0
2010-07-23,2340515806.0
2010-07-26,2393351226.0
2010-07-27,2441703504.0
2010-07-28,2452235511.0
2010-07-29,2457306024.0
2010-07-30,2506787080.0
2010-08-02,2621318819.0
2010-08-03,2693034588.0
2010-08-04,2776527205.0
2010-08-05,2863186813.0
2010-08-06,2889482976.0
2010-08-09,2918328591.0
2010-08-10,2929688968.0
2010-08-11,2998760939.0
2010-08-12,2960641711.0
2010-08-13,3010908740.0
2010-08-16,3130599673.0
2010-08-17,3179669073.0
2010-08-18,3245754525.0
2010-08-19,3323539172.0
2010-08-20,3335206340.0
2010-08-23,3385454724.0
2010-08-24,3544802402.0
2010-08-25,3557006974.0
2010-08-26,3547717060.0
2010-08-27,3612721168.0
2010-08-30,3672863957.0
2010-08-31,3759342631.0
2010-09-01,3840990756.0
2010-09-02,3875467640.0
2010-09-03,3820442816.0
2010-09-06,3900044847.0
2010-09-07,3898883055.0
2010-09-08,4091126177.0
2010-09-09,4179261843.0
2010-09-10,4235214361.0
2010-09-13,4339725642.0
2010-09-14,4361787341.0
2010-09-15,4349255762.0
2010-09-16,4396381428.0
2010-09-17,4430523889.0
2010-09-20,4490377834.0
2010-09-21,4444686563.0
2010-09-27,4570659084.0
2010-09-28,4600238601.0
2010-09-29,4638985761.0
2010-09-30,4685923280.0
2010-10-08,4775239342.0
2010-10-11,4729877082.0
2010-10-12,4829459830.0
2010-10-13,4981004876.0
2010-10-14,4980957121.0
2010-10-15,5143791121.0
2010-10-18,5170458255.0
2010-10-19,5385988507.0
2010-10-20,5688234062.0
2010-10-21,5838115657.0
2010-10-22,6032061619.0
2010-10-25,6366949420.0
2010-10-26,6522077443.0
2010-10-27,6757162438.0
2010-10-28,6896798867.0
2010-10-29,6951066505.0
2010-11-01,7194172573.0
2010-11-02,7187809068.0
2010-11-03,7335818519.0
2010-11-04,7565930186.0
2010-11-05,7773243718.0
2010-11-08,8169295429.0
2010-11-09,8434850468.0
2010-11-10,8760115150.0
2010-11-11,9035686677.0
2010-11-12,8691480814.0
2010-11-15,9034111222.0
2010-11-16,8954962635.0
2010-11-17,9050680189.0
2010-11-18,9040716512.0
2010-11-19,8832507443.0
2010-11-23,9042601308.0
2010-11-24,9218956790.0
2010-11-25,9434719304.0
2010-11-26,9377472284.0
2010-11-29,9410985281.0
2010-11-30,9381653979.0
2010-12-01,9425491676.0
2010-12-02,9532079736.0
2010-12-03,9639819870.0
2010-12-06,9756237954.0
2010-12-07,9868086266.0
2010-12-08,9940516185.0
2010-12-09,10195298771.0
2010-12-10,10399768879.0
2010-12-13,11068644247.0
2010-12-14,11248413779.0
2010-12-15,11406501858.0
2010-12-16,11538934217.0
2010-12-17,11520186734.0
2010-12-20,11461505348.0
2010-12-21,11571298022.0
2010-12-22,11877067417.0
2010-12-23,11941251743.0
2010-12-24,12044066609.0
2010-12-27,12201528449.0
2010-12-28,12203987649.0
2010-12-29,12379324066.0
2010-12-30,12514981848.0
2010-12-31,12760582781.0
2011-01-04,12840732383.0
2011-01-05,13047104963.0
2011-01-06,13211528901.0
2011-01-07,13163868255.0
2011-01-10,13263118418.0
2011-01-11,13194539301.0
2011-01-12,13275822270.0
2011-01-13,13340277384.0
2011-01-14,13402908202.0
2011-01-17,13446037150.0
2011-01-18,13677665137.0
2011-01-19,13827497942.0
2011-01-20,13815865089.0
2011-01-21,13824421112.0
2011-01-24,13869487152.0
2011-01-25,13955981861.0
2011-01-26,14153351027.0
2011-01-27,14191487027.0
2011-01-28,14236437752.0
2011-01-31,14382671253.0
2011-02-01,14231710297.0
2011-02-09,14477626243.0
2011-02-10,14712732035.0
2011-02-11,14789227485.0
2011-02-14,14758844829.0
2011-02-15,14706296082.0
2011-02-16,15053287772.0
2011-02-17,15291710902.0
2011-02-18,15511646689.0
2011-02-21,15785409094.0
2011-02-22,15905974209.0
2011-02-23,16116717937.0
2011-02-24,16372201073.0
2011-02-25,16403854520.0
2011-02-28,16523593407.0
2011-03-01,16636985414.0
2011-03-02,16837578091.0
2011-03-03,16745084156.0
2011-03-04,16977316771.0
2011-03-07,17453512989.0
2011-03-08,17714774158.0
2011-03-09,17950146184.0
2011-03-10,18242224122.0
2011-03-11,18526960948.0
2011-03-14,18869394191.0
2011-03-15,18977422892.0
2011-03-16,18932084038.0
2011-03-17,18846194952.0
2011-03-18,19026021511.0
2011-03-21,19122172893.0
2011-03-22,19394218686.0
2011-03-23,19534171802.0
2011-03-24,19725047183.0
2011-03-25,19799987653.0
2011-03-28,19949135299.0
2011-03-29,20242191846.0
2011-03-30,20460527574.0
2011-03-31,20782548700.0
2011-04-01,20836797075.0
2011-04-06,20777078530.0
2011-04-07,21104821834.0
2011-04-08,21293327846.0
2011-04-11,21871904928.0
2011-04-12,22469177691.0
2011-04-13,22881975273.0
2011-04-14,23024411917.0
2011-04-15,23235461237.0
2011-04-18,23483945502.0
2011-04-19,23442505741.0
2011-04-20,23831766840.0
2011-04-21,24092173191.0
2011-04-22,24181160106.0
2011-04-25,24129163746.0
2011-04-26,24098918976.0
2011-04-27,24103723349.0
2011-04-28,23975769738.0
2011-04-29,23960666242.0
2011-05-03,23907931100.0
2011-05-04,23834365349.0
2011-05-05,23765560274.0
2011-05-06,23652581912.0
2011-05-09,23776234999.0
2011-05-10,23971001340.0
2011-05-11,23975874051.0
2011-05-12,24096777618.0
2011-05-13,24337381986.0
2011-05-16,24421266889.0
2011-05-17,24726176670.0
2011-05-18,24982861768.0
2011-05-19,25026995323.0
2011-05-20,25152885883.0
2011-05-23,25046576954.0
2011-05-24,25202733573.0
2011-05-25,25337205784.0
2011-05-26,25420831010.0
2011-05-27,25252685579.0
2011-05-30,25275261671.0
2011-05-31,25583600763.0
2011-06-01,25684167340.0
2011-06-02,25910201834.0
2011-06-03,25903833591.0
2011-06-07,25868700620.0
2011-06-08,25901690123.0
2011-06-09,25945883192.0
2011-06-10,26085636314.0
2011-06-13,25945114885.0
2011-06-14,25874685637.0
2011-06-15,26052138273.0
2011-06-16,26226033482.0
2011-06-17,25505100699.0
2011-06-20,25819128660.0
2011-06-21,25940890694.0
2011-06-22,25989032657.0
2011-06-23,25948742880.0
2011-06-24,25843169897.0
2011-06-27,26169842853.0
2011-06-28,26492870443.0
2011-06-29,26728553842.0
2011-06-30,27132908661.0
2011-07-01,27514169474.0
2011-07-04,27643862719.0
2011-07-05,27887021645.0
2011-07-06,28621119536.0
2011-07-07,28782534959.0
2011-07-08,28811167649.0
2011-07-11,29064175732.0
2011-07-12,29254863667.0
2011-07-13,29611763843.0
2011-07-14,29738047080.0
2011-07-15,29968523316.0
2011-07-18,30380284103.0
2011-07-19,30608405305.0
2011-07-20,30873699591.0
2011-07-21,30982968297.0
2011-07-22,31090790316.0
2011-07-25,31489408735.0
2011-07-26,31720039723.0
2011-07-27,32001589700.0
2011-07-28,32003061340.0
2011-07-29,31906160171.0
2011-08-01,32222652251.0
2011-08-02,32440794077.0
2011-08-03,32615101142.0
2011-08-04,32459968547.0
2011-08-05,32488193976.0
2011-08-08,32472034846.0
2011-08-09,32513246785.0
2011-08-10,32500916200.0
2011-08-11,32500544261.0
2011-08-12,32443737165.0
2011-08-15,32606442068.0
2011-08-16,32738758344.0
2011-08-17,32887292322.0
2011-08-18,32969040285.0
2011-08-19,32887780850.0
2011-08-22,33022565134.0
2011-08-23,33170366871.0
2011-08-24,33140422665.0
2011-08-25,32875963083.0
2011-08-26,33107670449.0
2011-08-29,33611705079.0
2011-08-30,33915304773.0
2011-08-31,34045014173.0
2011-09-01,33984824875.0
2011-09-02,34044542392.0
2011-09-05,34167305269.0
2011-09-06,34261961515.0
2011-09-07,34285736818.0
2011-09-08,34374187488.0
2011-09-09,34207566811.0
2011-09-13,34308354917.0
2011-09-14,34267364544.0
2011-09-15,34112527974.0
2011-09-16,34096615388.0
2011-09-19,34170690914.0
2011-09-20,34273383738.0
2011-09-21,34208483517.0
2011-09-22,34562570922.0
2011-09-23,34489661500.0
2011-09-26,34324072488.0
2011-09-27,34516216510.0
2011-09-28,34286783620.0
2011-09-29,34045264312.0
2011-09-30,33386311654.0
2011-10-10,33249409769.0
2011-10-11,33187116336.0
2011-10-12,33293364677.0
2011-10-13,33472320328.0
2011-10-14,33310101233.0
2011-10-17,33260346613.0
2011-10-18,33197467451.0
2011-10-19,33275832471.0
2011-10-20,33289645305.0
2011-10-21,33044742455.0
2011-10-24,32789139579.0
2011-10-25,32805099221.0
2011-10-26,32781714752.0
2011-10-27,32990835942.0
2011-10-28,32743377296.0
2011-10-31,33066761084.0
2011-11-01,33331207064.0
2011-11-02,33767838912.0
2011-11-03,34168148657.0
2011-11-04,34325607019.0
2011-11-07,34720686894.0
2011-11-08,35007829775.0
2011-11-09,35453102968.0
2011-11-10,35785186295.0
2011-11-11,35794298089.0
2011-11-14,36068334328.0
2011-11-15,36380107554.0
2011-11-16,36770666559.0
2011-11-17,36916766869.0
2011-11-18,36926839326.0
2011-11-21,37123235360.0
2011-11-22,37172169915.0
2011-11-23,37140810469.0
2011-11-24,37247562212.0
2011-11-25,37207977666.0
2011-11-28,37210577375.0
2011-11-29,37238860095.0
2011-11-30,37179826691.0
2011-12-01,37046424501.0
2011-12-02,37092909884.0
2011-12-05,37069115816.0
2011-12-06,37021131217.0
2011-12-07,37083818976.0
2011-12-08,37249538974.0
2011-12-09,37227891799.0
2011-12-12,37254351754.0
2011-12-13,37322562561.0
2011-12-14,37345722227.0
2011-12-15,37227993272.0
2011-12-16,37395898599.0
2011-12-19,37693054961.0
2011-12-20,37803755290.0
2011-12-21,37713906346.0
2011-12-22,37673416341.0
2011-12-23,37483276293.0
2011-12-26,37555915553.0
2011-12-27,37634092205.0
2011-12-28,37731968075.0
2011-12-29,37790062783.0
2011-12-30,37547763869.0
2012-01-04,37469483858.0
2012-01-05,37105039227.0
2012-01-06,37157551463.0
2012-01-09,36819527437.0
2012-01-10,36610298341.0
2012-01-11,36719094477.0
2012-01-12,36573117005.0
2012-01-13,36332084716.0
2012-01-16,36239708865.0
2012-01-17,36136961784.0
2012-01-18,36107528011.0
2012-01-19,35429631303.0
2012-01-20,33769261529.0
2012-01-30,34549737793.0
2012-01-31,34981330416.0
2012-02-01,35322657944.0
2012-02-02,35413510374.0
2012-02-03,35395710917.0
2012-02-06,35798599476.0
2012-02-07,36480219576.0
2012-02-08,36412894089.0
2012-02-09,36343657803.0
2012-02-10,36226407093.0
2012-02-13,36787366046.0
2012-02-14,37087201608.0
2012-02-15,37436439839.0
2012-02-16,37834797516.0
2012-02-17,37817367209.0
2012-02-20,38152376929.0
2012-02-21,38334170434.0
2012-02-22,38501337259.0
2012-02-23,38740961849.0
2012-02-24,38564454447.0
2012-02-27,38944217843.0
2012-02-28,39364675657.0
2012-02-29,39759473044.0
2012-03-01,40358229914.0
2012-03-02,40796907057.0
2012-03-05,41449302758.0
2012-03-06,41995976925.0
2012-03-07,42384860674.0
2012-03-08,42707392682.0
2012-03-09,42902781236.0
2012-03-12,43777299675.0
2012-03-13,44157986769.0
2012-03-14,44690498708.0
2012-03-15,44828188015.0
2012-03-16,44784088273.0
2012-03-19,45547380734.0
2012-03-20,45930356205.0
2012-03-21,46353465107.0
2012-03-22,46485463678.0
2012-03-23,46510704454.0
2012-03-26,46547923870.0
2012-03-27,46865027087.0
2012-03-28,46984968711.0
2012-03-29,46706248053.0
2012-03-30,45893676952.0
2012-04-05,46186469764.0
2012-04-06,46387793995.0
2012-04-09,46449257173.0
2012-04-10,46395409408.0
2012-04-11,46789603694.0
2012-04-12,46711520618.0
2012-04-13,46370193321.0
2012-04-16,46734759944.0
2012-04-17,47027659605.0
2012-04-18,47036637106.0
2012-04-19,47128155591.0
2012-04-20,47061147008.0
2012-04-23,47445990128.0
2012-04-24,47555805861.0
2012-04-25,47666113969.0
2012-04-26,47713793392.0
2012-04-27,47395498715.0
2012-05-02,47662804784.0
2012-05-03,48288616930.0
2012-05-04,48302110075.0
2012-05-07,48996940148.0
2012-05-08,49610808556.0
2012-05-09,50389300088.0
2012-05-10,51050169695.0
2012-05-11,51194874722.0
2012-05-14,51846828998.0
2012-05-15,52390460095.0
2012-05-16,53124181363.0
2012-05-17,53266509811.0
2012-05-18,53237518550.0
2012-05-21,53670264902.0
2012-05-22,53684514455.0
2012-05-23,53804616437.0
2012-05-24,54507310978.0
2012-05-25,54527539459.0
2012-05-28,54569411243.0
2012-05-29,54606383729.0
2012-05-30,55036080387.0
2012-05-31,55770593615.0
2012-06-01,55788771351.0
2012-06-04,56697055807.0
2012-06-05,57005767153.0
2012-06-06,57315173568.0
2012-06-07,57475991252.0
2012-06-08,57323878084.0
2012-06-11,57645060116.0
2012-06-12,57859137155.0
2012-06-13,58188345584.0
2012-06-14,58245067620.0
2012-06-15,58289895942.0
2012-06-18,58842202523.0
2012-06-19,59092799848.0
2012-06-20,59140290406.0
2012-06-21,59462689214.0
2012-06-25,59699063285.0
2012-06-26,59808158372.0
2012-06-27,59951846948.0
2012-06-28,60052296068.0
2012-06-29,59838187129.0
2012-07-02,60303454345.0
2012-07-03,60553035703.0
2012-07-04,60780327817.0
2012-07-05,60788109948.0
2012-07-06,60910560267.0
2012-07-09,61294142277.0
2012-07-10,61642016090.0
2012-07-11,61783008517.0
2012-07-12,62040102965.0
2012-07-13,62134548240.0
2012-07-16,62174786758.0
2012-07-17,62167658173.0
2012-07-18,62484847535.0
2012-07-19,62395100046.0
2012-07-20,62621732932.0
2012-07-23,62949861978.0
2012-07-24,63139756750.0
2012-07-25,63040826914.0
2012-07-26,63126840646.0
2012-07-27,62931790479.0
2012-07-30,62978627174.0
2012-07-31,62772338672.0
2012-08-01,62888418779.0
2012-08-02,63069007754.0
2012-08-03,63176285266.0
2012-08-06,63536700569.0
2012-08-07,63999413093.0
2012-08-08,64030956819.0
2012-08-09,64448884682.0
2012-08-10,64242656460.0
2012-08-13,64673287974.0
2012-08-14,64911074874.0
2012-08-15,65102519837.0
2012-08-16,65169300648.0
2012-08-17,65375037029.0
2012-08-20,65663620369.0
2012-08-21,66040994206.0
2012-08-22,66296880044.0
2012-08-23,66540081295.0
2012-08-24,66288291361.0
2012-08-27,66038888761.0
2012-08-28,66237306881.0
2012-08-29,66291932988.0
2012-08-30,66144347307.0
2012-08-31,66209188228.0
2012-09-03,66633358658.0
2012-09-04,66902772779.0
2012-09-05,67284208895.0
2012-09-06,67631553297.0
2012-09-07,67319948568.0
2012-09-10,68173752753.0
2012-09-11,69244710353.0
2012-09-12,69949723588.0
2012-09-13,70355849122.0
2012-09-14,70305402987.0
2012-09-17,70860601456.0
2012-09-18,71210813918.0
2012-09-19,71571456979.0
2012-09-20,71941889893.0
2012-09-21,71871759154.0
2012-09-24,71972557788.0
2012-09-25,71616482926.0
2012-09-26,71471242717.0
2012-09-27,70442466545.0
2012-09-28,68538290872.0
2012-10-08,69654990487.0
2012-10-09,69948737767.0
2012-10-10,70842817454.0
2012-10-11,71502861597.0
2012-10-12,71672369875.0
2012-10-15,71950845633.0
2012-10-16,72060338778.0
2012-10-17,72588306966.0
2012-10-18,72514242070.0
2012-10-19,72249134294.0
2012-10-22,72853789156.0
2012-10-23,73504210603.0
2012-10-24,73855071224.0
2012-10-25,74346617401.0
2012-10-26,74955991905.0
2012-10-29,75447718812.0
2012-10-30,75299874932.0
2012-10-31,75271912639.0
2012-11-01,74884215424.0
2012-11-02,74769201278.0
2012-11-05,75124126617.0
2012-11-06,75493207256.0
2012-11-07,75654347590.0
2012-11-08,75477521025.0
2012-11-09,75179287155.0
2012-11-12,75248791835.0
2012-11-13,75387786337.0
2012-11-14,75505017608.0
2012-11-15,75578834753.0
2012-11-16,75617974730.0
2012-11-19,75915499427.0
2012-11-20,75988639643.0
2012-11-21,76136976581.0
2012-11-22,76133146921.0
2012-11-23,75850335563.0
2012-11-26,76011688598.0
2012-11-27,75815170192.0
2012-11-28,75526154263.0
2012-11-29,75118775546.0
2012-11-30,74745430443.0
2012-12-03,74323448125.0
2012-12-04,74097926271.0
2012-12-05,74279973381.0
2012-12-06,74807245591.0
2012-12-07,74721920107.0
2012-12-10,74907035646.0
2012-12-11,75621382709.0
2012-12-12,76308817031.0
2012-12-13,76675232645.0
2012-12-14,76841990009.0
2012-12-17,77941829766.0
2012-12-18,79083908399.0
2012-12-19,79930512752.0
2012-12-20,81012878370.0
2012-12-21,82193613893.0
2012-12-24,83128571132.0
2012-12-25,84124857765.0
2012-12-26,85047480750.0
2012-12-27,86032376941.0
2012-12-28,86130703115.0
2012-12-31,85694391725.0
2013-01-04,87884777907.0
2013-01-07,89981180175.0
2013-01-08,91390732860.0
2013-01-09,92539414024.0
2013-01-10,93754582204.0
2013-01-11,94368326203.0
2013-01-14,96293630272.0
2013-01-15,98145427976.0
2013-01-16,99582380948.0
2013-01-17,101167050081.0
2013-01-18,101068531429.0
2013-01-21,103244014364.0
2013-01-22,105345746183.0
2013-01-23,106932052622.0
2013-01-24,107090787743.0
2013-01-25,107176859778.0
2013-01-28,108611634815.0
2013-01-29,110775922677.0
2013-01-30,113097294483.0
2013-01-31,113873732699.0
2013-02-01,114432980192.0
2013-02-04,117792910541.0
2013-02-05,119512549292.0
2013-02-06,121544279576.0
2013-02-07,123387241128.0
2013-02-08,120774984054.0
2013-02-18,125356791229.0
2013-02-19,128608294857.0
2013-02-20,129546359426.0
2013-02-21,131483934218.0
2013-02-22,131513554201.0
2013-02-25,132894921881.0
2013-02-26,135065139735.0
2013-02-27,135818114817.0
2013-02-28,136223152868.0
2013-03-01,137589907840.0
2013-03-04,140425693449.0
2013-03-05,142275239995.0
2013-03-06,144240077548.0
2013-03-07,145384547767.0
2013-03-08,145888996691.0
2013-03-11,147305515815.0
2013-03-12,146699004122.0
2013-03-13,148611157774.0
2013-03-14,149474428298.0
2013-03-15,150103393014.0
2013-03-18,151255765530.0
2013-03-19,152085552019.0
2013-03-20,153142355884.0
2013-03-21,154574409884.0
2013-03-22,155657444305.0
2013-03-25,157381853667.0
2013-03-26,158978709846.0
2013-03-27,160423095820.0
2013-03-28,161436605893.0
2013-03-29,160828647813.0
2013-04-01,162091440371.0
2013-04-02,162712603813.0
2013-04-03,162395977127.0
2013-04-08,164103661826.0
2013-04-09,165126826054.0
2013-04-10,165467634469.0
2013-04-11,166196497729.0
2013-04-12,166036105821.0
2013-04-15,166305170038.0
2013-04-16,166666933082.0
2013-04-17,167955809982.0
2013-04-18,168840901283.0
2013-04-19,169304040381.0
2013-04-22,172058506264.0
2013-04-23,173866086843.0
2013-04-24,175195964171.0
2013-04-25,175903569592.0
2013-04-26,174296767616.0
2013-05-02,175587128737.0
2013-05-03,175299886429.0
2013-05-06,178031052749.0
2013-05-07,179585289673.0
2013-05-08,180563982483.0
2013-05-09,182951937536.0
2013-05-10,183674444417.0
2013-05-13,186078360269.0
2013-05-14,188393197621.0
2013-05-15,190150506144.0
2013-05-16,192076904204.0
2013-05-17,192213808328.0
2013-05-20,195232807124.0
2013-05-21,198789289738.0
2013-05-22,201340319996.0
2013-05-23,204541265929.0
2013-05-24,206039656002.0
2013-05-27,209258201332.0
2013-05-28,210826710105.0
2013-05-29,213519942216.0
2013-05-30,216244862289.0
2013-05-31,217629088929.0
2013-06-03,220365202458.0
2013-06-04,222332236778.0
2013-06-05,223454468947.0
2013-06-06,224370989181.0
2013-06-07,222836023222.0
2013-06-13,224229994954.0
2013-06-14,224103745263.0
2013-06-17,226520257874.0
2013-06-18,227634727282.0
2013-06-19,229183078602.0
2013-06-20,230278364026.0
2013-06-21,229569702064.0
2013-06-24,227032908599.0
2013-06-25,221974277523.0
2013-06-26,222133059514.0
2013-06-27,220329541942.0
2013-06-28,218521650365.0
2013-07-01,218222274535.0
2013-07-02,218592491037.0
2013-07-03,219599389431.0
2013-07-04,219813568109.0
2013-07-05,219415631910.0
2013-07-08,218686046908.0
2013-07-09,218359126461.0
2013-07-10,219061609580.0
2013-07-11,218655500703.0
2013-07-12,219744097619.0
2013-07-15,221294215212.0
2013-07-16,223567564422.0
2013-07-17,224124520786.0
2013-07-18,225827277627.0
2013-07-19,224767000586.0
2013-07-22,226127776995.0
2013-07-23,227092360155.0
2013-07-24,228420570392.0
2013-07-25,228450552495.0
2013-07-26,227915950368.0
2013-07-29,228601196261.0
2013-07-30,228498070701.0
2013-07-31,228413775374.0
2013-08-01,228937725599.0
2013-08-02,228150905301.0
2013-08-05,229286386393.0
2013-08-06,230087842755.0
2013-08-07,230681559271.0
2013-08-08,232461664709.0
2013-08-09,232676081788.0
2013-08-12,232898037365.0
2013-08-13,234725075506.0
2013-08-14,235324923190.0
2013-08-15,236194989154.0
2013-08-16,237224300187.0
2013-08-19,237827284782.0
2013-08-20,238876524269.0
2013-08-21,240388030890.0
2013-08-22,240912798161.0
2013-08-23,240820628708.0
2013-08-26,242561543689.0
2013-08-27,245043265195.0
2013-08-28,247706808395.0
2013-08-29,249821553386.0
2013-08-30,248480052999.0
2013-09-02,250460610855.0
2013-09-03,250305246457.0
2013-09-04,251317220955.0
2013-09-05,253152905703.0
2013-09-06,254011177588.0
2013-09-09,258203470374.0
2013-09-10,262554834780.0
2013-09-11,264429314423.0
2013-09-12,268700696108.0
2013-09-13,270150024397.0
2013-09-16,274140761867.0
2013-09-17,276776027734.0
2013-09-18,275692323304.0
2013-09-23,279739043629.0
2013-09-24,282912760440.0
2013-09-25,284977727054.0
2013-09-26,286454303870.0
2013-09-27,285929842308.0
2013-09-30,282713174210.0
2013-10-08,288454769120.0
2013-10-09,292823231149.0
2013-10-10,296801270379.0
2013-10-11,299153687783.0
2013-10-14,303021891378.0
2013-10-15,306308945535.0
2013-10-16,306668500302.0
2013-10-17,307389240338.0
2013-10-18,306802634707.0
2013-10-21,309738302614.0
2013-10-22,311322452571.0
2013-10-23,311364196109.0
2013-10-24,312316244200.0
2013-10-25,312079659969.0
2013-10-28,312721634146.0
2013-10-29,310533526564.0
2013-10-30,311096858519.0
2013-10-31,310963082249.0
2013-11-01,308758073075.0
2013-11-04,309639756524.0
2013-11-05,310371346406.0
2013-11-06,310670101853.0
2013-11-07,310725211997.0
2013-11-08,309912947917.0
2013-11-11,309641364647.0
2013-11-12,308960745651.0
2013-11-13,307669611945.0
2013-11-14,307991918973.0
2013-11-15,308531464320.0
2013-11-18,311155518790.0
2013-11-19,313273045635.0
2013-11-20,315638893803.0
2013-11-21,316972378863.0
2013-11-22,316709745944.0
2013-11-25,318066105023.0
2013-11-26,319732786570.0
2013-11-27,321590217219.0
2013-11-28,322759028570.0
2013-11-29,323461692146.0
2013-12-02,323557823957.0
2013-12-03,324725136532.0
2013-12-04,327106322130.0
2013-12-05,328919258587.0
2013-12-06,328967606831.0
2013-12-09,330629381325.0
2013-12-10,331776157289.0
2013-12-11,332743940293.0
2013-12-12,333759746922.0
2013-12-13,334001126491.0
2013-12-16,334602902658.0
2013-12-17,335491500583.0
2013-12-18,335869134839.0
2013-12-19,336580983114.0
2013-12-20,337098973539.0
2013-12-23,337238351473.0
2013-12-24,337787415995.0
2013-12-25,339247975347.0
2013-12-26,340306502336.0
2013-12-27,340473125842.0
2013-12-30,343322935193.0
2013-12-31,343470148942.0
2014-01-02,344808840120.0
2014-01-03,344576607537.0
2014-01-06,345169192680.0
2014-01-07,345637757465.0
2014-01-08,346733678652.0
2014-01-09,348053637370.0
2014-01-10,348021229136.0
2014-01-13,347767316461.0
2014-01-14,347842896803.0
2014-01-15,348581689502.0
2014-01-16,349073742784.0
2014-01-17,349746815349.0
2014-01-20,350579819077.0
2014-01-21,350914700562.0
2014-01-22,351826066078.0
2014-01-23,353086577943.0
2014-01-24,352988376906.0
2014-01-27,354345840025.0
2014-01-28,353882567895.0
2014-01-29,352071514873.0
2014-01-30,347183997942.0
2014-02-07,351792010282.0
2014-02-10,357577636554.0
2014-02-11,363203087537.0
2014-02-12,367577348237.0
2014-02-13,371257642670.0
2014-02-14,371492516511.0
2014-02-17,375244073414.0
2014-02-18,379387781660.0
2014-02-19,382236134046.0
2014-02-20,384163705416.0
2014-02-21,383913192904.0
2014-02-24,385163184549.0
2014-02-25,384224090197.0
2014-02-26,385001979766.0
2014-02-27,384512324535.0
2014-02-28,383686330345.0
2014-03-03,385274868667.0
2014-03-04,386317102229.0
2014-03-05,387757092604.0
2014-03-06,388452329957.0
2014-03-07,386983703633.0
2014-03-10,385702986559.0
2014-03-11,384791640078.0
2014-03-12,383875654346.0
2014-03-13,384455824158.0
2014-03-14,383594757382.0
2014-03-17,384497055798.0
2014-03-18,386222759785.0
2014-03-19,388329387785.0
2014-03-20,388497065902.0
2014-03-21,388885173146.0
2014-03-24,390693503566.0
2014-03-25,392426730844.0
2014-03-26,393877918952.0
2014-03-27,394688264973.0
2014-03-28,393105177567.0
2014-03-31,392625476065.0
2014-04-01,391845922478.0
2014-04-02,391412551215.0
2014-04-03,392705920852.0
2014-04-04,391265820886.0
2014-04-08,392165770056.0
2014-04-09,393797472158.0
2014-04-10,397101746687.0
2014-04-11,397311532380.0
2014-04-14,399575453748.0
2014-04-15,401645081260.0
2014-04-16,402287624287.0
2014-04-17,402913458689.0
2014-04-18,402070950350.0
2014-04-21,401984687392.0
2014-04-22,402356631929.0
2014-04-23,402754578201.0
2014-04-24,402001501802.0
2014-04-25,399983358149.0
2014-04-28,398429668681.0
2014-04-29,396712813081.0
2014-04-30,393787481347.0
2014-05-05,395269868742.0
2014-05-06,396427090032.0
2014-05-07,396173829953.0
2014-05-08,396001092119.0
2014-05-09,394905247633.0
2014-05-12,395742024208.0
2014-05-13,396525774766.0
2014-05-14,396353985031.0
2014-05-15,395741098991.0
2014-05-16,394360646215.0
2014-05-19,394542578378.0
2014-05-20,394555816133.0
2014-05-21,395136781907.0
2014-05-22,394437586930.0
2014-05-23,392788010087.0
2014-05-26,392722471258.0
2014-05-27,393039899307.0
2014-05-28,393683895352.0
2014-05-29,393387496851.0
2014-05-30,391452445083.0
2014-06-03,391265591709.0
2014-06-04,391551196190.0
2014-06-05,390975091484.0
2014-06-06,390781306903.0
2014-06-09,391246832523.0
2014-06-10,391581081215.0
2014-06-11,392080587191.0
2014-06-12,393262154631.0
2014-06-13,392497296521.0
2014-06-16,394223249750.0
2014-06-17,397562283978.0
2014-06-18,401356861340.0
2014-06-19,402751400998.0
2014-06-20,402681050574.0
2014-06-23,402640528944.0
2014-06-24,402711184879.0
2014-06-25,403480424773.0
2014-06-26,402677242324.0
2014-06-27,401426655194.0
2014-06-30,403410904442.0
2014-07-01,404909783410.0
2014-07-02,406454880756.0
2014-07-03,408406747933.0
2014-07-04,408473321021.0
2014-07-07,411384234213.0
2014-07-08,413829801417.0
2014-07-09,415835660013.0
2014-07-10,418068766297.0
2014-07-11,418770891028.0
2014-07-14,421398761346.0
2014-07-15,422781764930.0
2014-07-16,424784891723.0
2014-07-17,425475502222.0
2014-07-18,423723702757.0
2014-07-21,423923034908.0
2014-07-22,425315631652.0
2014-07-23,428606361962.0
2014-07-24,430842222399.0
2014-07-25,429739514045.0
2014-07-28,428048503817.0
2014-07-29,430269994926.0
2014-07-30,435781897812.0
2014-07-31,440026555887.0
2014-08-01,439261069827.0
2014-08-04,443486149504.0
2014-08-05,447106929764.0
2014-08-06,452118475926.0
2014-08-07,456304666486.0
2014-08-08,457611106886.0
2014-08-11,460267744094.0
2014-08-12,465430439265.0
2014-08-13,471621664417.0
2014-08-14,476427308558.0
2014-08-15,477991773620.0
2014-08-18,482932120381.0
2014-08-19,486848075606.0
2014-08-20,491707237500.0
2014-08-21,496571510310.0
2014-08-22,498308258387.0
2014-08-25,502443747081.0
2014-08-26,506326189794.0
2014-08-27,510296667265.0
2014-08-28,518153792564.0
2014-08-29,520094215479.0
2014-09-01,524141733399.0
2014-09-02,523293210523.0
2014-09-03,523633889868.0
2014-09-04,529216567376.0
2014-09-09,537396626001.0
2014-09-10,544889067728.0
2014-09-11,551984603616.0
2014-09-12,556383218243.0
2014-09-15,565577660455.0
2014-09-16,571340434965.0
2014-09-17,576234816769.0
2014-09-18,580417700023.0
2014-09-19,581079563002.0
2014-09-22,591023352751.0
2014-09-23,596933270736.0
2014-09-24,609728509071.0
2014-09-25,618832223387.0
2014-09-26,622337937813.0
2014-09-29,619410498282.0
2014-09-30,607410666700.0
2014-10-08,625604878942.0
2014-10-09,636332121498.0
2014-10-10,642700436000.0
2014-10-13,652536064971.0
2014-10-14,659010980940.0
2014-10-15,665975434537.0
2014-10-16,668537916676.0
2014-10-17,669242844765.0
2014-10-20,673044877260.0
2014-10-21,676672557187.0
2014-10-22,680704309104.0
2014-10-23,687356680828.0
2014-10-24,690368787705.0
2014-10-27,694660611421.0
2014-10-28,691608833377.0
2014-10-29,691482895795.0
2014-10-30,696838232674.0
2014-10-31,697590568747.0
2014-11-03,705460444528.0
2014-11-04,711735369353.0
2014-11-05,717274540641.0
2014-11-06,722264651324.0
2014-11-07,723028477119.0
2014-11-10,727689902489.0
2014-11-11,732840458346.0
2014-11-12,736712388569.0
2014-11-13,739778456304.0
2014-11-14,740633852746.0
2014-11-17,744140539653.0
2014-11-18,747738570433.0
2014-11-19,751096863295.0
2014-11-20,754115666618.0
2014-11-21,757460354106.0
2014-11-24,777666026234.0
2014-11-25,793202597668.0
2014-11-26,806178294436.0
2014-11-27,810993247558.0
2014-11-28,818926666261.0
2014-12-01,831563476791.0
2014-12-02,840240014536.0
2014-12-03,849622094630.0
2014-12-04,873532569865.0
2014-12-05,881103102731.0
2014-12-08,908021500554.0
2014-12-09,919965039859.0
2014-12-10,928884952045.0
2014-12-11,934511891141.0
2014-12-12,936718925611.0
2014-12-15,949292951138.0
2014-12-16,961891079348.0
2014-12-17,976851969349.0
2014-12-18,987920938339.0
2014-12-19,1000148339895.0
2014-12-22,1003713741525.0
2014-12-23,999839946801.0
2014-12-24,995770935867.0
2014-12-25,1000646498552.0
2014-12-26,1006048362338.0
2014-12-29,1017404969016.0
2014-12-30,1021036418539.0
2014-12-31,1017372873368.0
2015-01-05,1029582812808.0
2015-01-06,1037728743552.0
2015-01-07,1049299989330.0
2015-01-08,1053022393707.0
2015-01-09,1060496907625.0
2015-01-12,1071949629876.0
2015-01-13,1078118771536.0
2015-01-14,1090952010463.0
2015-01-15,1106175337091.0
2015-01-16,1111362744580.0
2015-01-19,1092854311869.0
2015-01-20,1090888777665.0
2015-01-21,1095621817354.0
2015-01-22,1105908266240.0
2015-01-23,1112016601436.0
2015-01-26,1120151409461.0
2015-01-27,1124591896078.0
2015-01-28,1127785238651.0
2015-01-29,1130294425950.0
2015-01-30,1125933019889.0
2015-02-02,1127427797541.0
2015-02-03,1126700912061.0
2015-02-04,1129475711748.0
2015-02-05,1135360978645.0
2015-02-06,1138160998949.0
2015-02-09,1147812022341.0
2015-02-10,1164129836483.0
2015-02-11,1173956214654.0
2015-02-12,1172919606787.0
2015-02-13,1139165751596.0
2015-02-16,1132675130374.0
2015-02-17,1105777285250.0
2015-02-25,1135600606273.0
2015-02-26,1147553516050.0
2015-02-27,1152376881592.0
2015-03-02,1172473402686.0
2015-03-03,1191798136927.0
2015-03-04,1204700366288.0
2015-03-05,1219198086852.0
2015-03-06,1226714148687.0
2015-03-09,1241674660589.0
2015-03-10,1262501676676.0
2015-03-11,1286021691212.0
2015-03-12,1308206252529.0
2015-03-13,1312197915002.0
2015-03-16,1304887934928.0
2015-03-17,1314503602427.0
2015-03-18,1335187822967.0
2015-03-19,1356913562704.0
2015-03-20,1376979098209.0
2015-03-23,1392429605257.0
2015-03-24,1414077632798.0
2015-03-25,1435648371051.0
2015-03-26,1451622259821.0
2015-03-27,1458782667858.0
2015-03-30,1476472054593.0
2015-03-31,1485880151784.0
2015-04-01,1509954527971.0
2015-04-02,1529820700356.0
2015-04-03,1545016428521.0
2015-04-07,1576239785608.0
2015-04-08,1598034967666.0
2015-04-09,1622301948514.0
2015-04-10,1643072643118.0
2015-04-13,1671918319975.0
2015-04-14,1699433337021.0
2015-04-15,1721503241084.0
2015-04-16,1737495443925.0
2015-04-17,1725138017372.0
2015-04-20,1716904807674.0
2015-04-21,1730122295398.0
2015-04-22,1751680168685.0
2015-04-23,1769597669435.0
2015-04-24,1780419829563.0
2015-04-27,1805889895179.0
2015-04-28,1813503880247.0
2015-04-29,1825447338780.0
2015-04-30,1831016561927.0
2015-05-04,1857292884446.0
2015-05-05,1868824774613.0
2015-05-06,1889874480436.0
2015-05-07,1899982007147.0
2015-05-08,1875707625579.0
2015-05-11,1882306723001.0
2015-05-12,1895164710478.0
2015-05-13,1914047462337.0
2015-05-14,1926396684102.0
2015-05-15,1928938229097.0
2015-05-18,1947846353442.0
2015-05-19,1976879887711.0
2015-05-20,2005739078890.0
2015-05-21,2024780335165.0
2015-05-22,2013989133637.0
2015-05-25,2023768329382.0
2015-05-26,2042712199449.0
2015-05-27,2055308599108.0
2015-05-28,2067497905712.0
2015-05-29,2071958219694.0
2015-06-01,2100135149383.0
2015-06-02,2130096322974.0
2015-06-03,2150013699978.0
2015-06-04,2164591811048.0
2015-06-05,2160768383347.0
2015-06-08,2165597899554.0
2015-06-09,2177115224583.0
2015-06-10,2191883708574.0
2015-06-11,2205848192212.0
2015-06-12,2220702152570.0
2015-06-15,2231930859100.0
2015-06-16,2239445979829.0
2015-06-17,2255042762540.0
2015-06-18,2266635294021.0
2015-06-19,2261085353259.0
2015-06-23,2246785028463.0
2015-06-24,2206599051084.0
2015-06-25,2181842704486.0
2015-06-26,2125756751259.0
2015-06-29,2084066835266.0
2015-06-30,2044666506140.0
2015-07-01,2030567573892.0
2015-07-02,1979665485706.0
2015-07-03,1906748251186.0
2015-07-06,1770447201996.0
2015-07-07,1626101694487.0
2015-07-08,1456082818585.0
2015-07-09,1438008621547.0
2015-07-10,1438251747980.0
2015-07-13,1436976422446.0
2015-07-14,1438919712258.0
2015-07-15,1419895160981.0
2015-07-16,1418668046391.0
2015-07-17,1425594146080.0
2015-07-20,1423830452084.0
2015-07-21,1432670926184.0
2015-07-22,1436417184621.0
2015-07-23,1455427354257.0
2015-07-24,1454422169931.0
2015-07-27,1426925432949.0
2015-07-28,1379301492121.0
2015-07-29,1369171632437.0
2015-07-30,1367902106765.0
2015-07-31,1335416630899.0
2015-08-03,1293809923258.0
2015-08-04,1309377550364.0
2015-08-05,1309112256702.0
2015-08-06,1305394070462.0
2015-08-07,1314232636236.0
2015-08-10,1337205367683.0
2015-08-11,1351144208736.0
2015-08-12,1355680791244.0
2015-08-13,1369469887129.0
2015-08-14,1374852636619.0
2015-08-17,1389229860067.0
2015-08-18,1368723377174.0
2015-08-19,1361883433592.0
2015-08-20,1353812446145.0
2015-08-21,1323654849916.0
2015-08-24,1245487048036.0
2015-08-25,1160189160470.0
2015-08-26,1107823407106.0
2015-08-27,1074546333065.0
2015-08-28,1072238066654.0
2015-08-31,1055960525892.0
2015-09-01,1012220422123.0
2015-09-02,959153956737.0
2015-09-07,975416736389.0
2015-09-08,972959392874.0
2015-09-09,987276958283.0
2015-09-10,984194786440.0
2015-09-11,981843576265.0
2015-09-14,953397764377.0
2015-09-15,932721064261.0
2015-09-16,935178089174.0
2015-09-17,938336277667.0
2015-09-18,936214427590.0
2015-09-21,937894562685.0
2015-09-22,938478691148.0
2015-09-23,937018013206.0
2015-09-24,937212257284.0
2015-09-25,924702279748.0
2015-09-28,925808681194.0
2015-09-29,918294985443.0
2015-09-30,904050976067.0
2015-10-08,919535790442.0
2015-10-09,920886681161.0
2015-10-12,945013731157.0
2015-10-13,949458318492.0
2015-10-14,954857715836.0
2015-10-15,966086544099.0
2015-10-16,969812069281.0
2015-10-19,982188830214.0
2015-10-20,993094222956.0
2015-10-21,985087873967.0
2015-10-22,998304645937.0
2015-10-23,1007631774527.0
2015-10-26,1020997552835.0
2015-10-27,1027642464682.0
2015-10-28,1025367887823.0
2015-10-29,1032150487946.0
2015-10-30,1030206852967.0
2015-11-02,1027724226218.0
2015-11-03,1028957118718.0
2015-11-04,1049458303988.0
2015-11-05,1067487221573.0
2015-11-06,1080842214310.0
2015-11-09,1114034137101.0
2015-11-10,1135137465041.0
2015-11-11,1149912800029.0
2015-11-12,1163266716782.0
2015-11-13,1164204889228.0
2015-11-16,1176942064271.0
2015-11-17,1194528202247.0
2015-11-18,1195477905100.0
2015-11-19,1209322095413.0
2015-11-20,1218924378985.0
2015-11-23,1215091902051.0
2015-11-24,1217186293908.0
2015-11-25,1219175741992.0
2015-11-26,1217340738501.0
2015-11-27,1194308072187.0
2015-11-30,1193256611460.0
2015-12-01,1195241126180.0
2015-12-02,1190805006632.0
2015-12-03,1184945353436.0
2015-12-04,1164207497258.0
2015-12-07,1163273766585.0
2015-12-08,1155587090066.0
2015-12-09,1154125977202.0
2015-12-10,1152045174888.0
2015-12-11,1151180614040.0
2015-12-14,1165293554815.0
2015-12-15,1168617180685.0
2015-12-16,1171677040766.0
2015-12-17,1170628298175.0
2015-12-18,1171045842209.0
2015-12-21,1180673211678.0
2015-12-22,1190475272200.0
2015-12-23,1202445782119.0
2015-12-24,1208080901548.0
2015-12-25,1207678768541.0
2015-12-28,1186478264616.0
2015-12-29,1186769981839.0
2015-12-30,1188329378503.0
2015-12-31,1171307207674.0
2016-01-04,1158825813066.0
2016-01-05,1137462812465.0
2016-01-06,1131571545354.0
2016-01-07,1120063870824.0
2016-01-08,1096604701732.0
2016-01-11,1062078650357.0
2016-01-12,1042737451394.0
2016-01-13,1023975562996.0
2016-01-14,1014223219697.0
2016-01-15,997495959877.0
2016-01-18,996918582205.0
2016-01-19,995328061254.0
2016-01-20,991559565286.0
2016-01-21,983253319287.0
2016-01-22,979022339492.0
2016-01-25,975257521823.0
2016-01-26,950995104061.0
2016-01-27,929700379013.0
2016-01-28,913398265758.0
2016-01-29,907107782480.0
2016-02-01,897630767277.0
2016-02-02,898104587529.0
2016-02-03,892767481080.0
2016-02-04,888392779493.0
2016-02-05,869935109331.0
2016-02-15,873253207722.0
2016-02-16,878980310751.0
2016-02-17,880360095421.0
2016-02-18,882721317845.0
2016-02-19,881761659394.0
2016-02-22,885146820181.0
2016-02-23,884868034087.0
2016-02-24,887037775039.0
2016-02-25,873419096109.0
2016-02-26,867563437668.0
2016-02-29,850872121670.0
2016-03-01,848316978338.0
2016-03-02,852377326873.0
2016-03-03,854259201492.0
2016-03-04,841203549644.0
2016-03-07,845735308453.0
2016-03-08,843840596355.0
2016-03-09,839340386924.0
2016-03-10,836753875139.0
2016-03-11,833458325239.0
2016-03-14,840625196955.0
2016-03-15,835262489827.0
2016-03-16,826785334357.0
2016-03-17,837388087807.0
2016-03-18,845183295230.0
2016-03-21,863262238915.0
2016-03-22,868012183634.0
2016-03-23,873351186892.0
2016-03-24,872888702214.0
2016-03-25,873738378899.0
2016-03-28,874853140436.0
2016-03-29,873510448142.0
2016-03-30,877839705982.0
2016-03-31,878625903323.0
2016-04-01,871833902390.0
2016-04-05,884261192764.0
2016-04-06,887250102617.0
2016-04-07,886630850354.0
2016-04-08,882264152700.0
2016-04-11,887476909561.0
2016-04-12,883815152226.0
2016-04-13,892286879869.0
2016-04-14,895140490877.0
2016-04-15,891478164324.0
2016-04-18,889988746307.0
2016-04-19,890801986970.0
2016-04-20,877713504960.0
2016-04-21,873983700624.0
2016-04-22,869807236543.0
2016-04-25,868208414194.0
2016-04-26,867232225639.0
2016-04-27,865022436388.0
2016-04-28,864392728462.0
2016-04-29,857036701582.0
2016-05-03,865669937806.0
2016-05-04,866691373937.0
2016-05-05,869323224132.0
2016-05-06,857944816018.0
2016-05-09,852116232618.0
2016-05-10,846141608892.0
2016-05-11,841204208408.0
2016-05-12,838038671922.0
2016-05-13,832892147862.0
2016-05-16,834341424567.0
2016-05-17,832978827792.0
2016-05-18,826014213850.0
2016-05-19,826725385643.0
2016-05-20,824596987773.0
2016-05-23,824608339163.0
2016-05-24,824732360367.0
2016-05-25,823323378822.0
2016-05-26,823335627306.0
2016-05-27,820232377144.0
2016-05-30,818634395989.0
2016-05-31,826982165730.0
2016-06-01,829898835985.0
2016-06-02,835301751015.0
2016-06-03,833743035585.0
2016-06-06,836714458884.0
2016-06-07,838277525828.0
2016-06-08,834620992684.0
2016-06-13,830978936655.0
2016-06-14,828739370749.0
2016-06-15,836738037976.0
2016-06-16,836260564124.0
2016-06-17,834083578592.0
2016-06-20,835966823429.0
2016-06-21,834526601880.0
2016-06-22,837399134434.0
2016-06-23,836891422431.0
2016-06-24,835030619583.0
2016-06-27,842316912113.0
2016-06-28,845910663061.0
2016-06-29,849837554358.0
2016-06-30,850893091485.0
2016-07-01,848373855072.0
2016-07-04,856923184386.0
2016-07-05,860225710368.0
2016-07-06,863368284980.0
2016-07-07,866981172282.0
2016-07-08,863234723556.0
2016-07-11,865182178829.0
2016-07-12,870053641481.0
2016-07-13,872239434827.0
2016-07-14,873770395687.0
2016-07-15,872107148050.0
2016-07-18,876355161189.0
2016-07-19,881201551325.0
2016-07-20,882196877082.0
2016-07-21,882963148535.0
2016-07-22,880274860125.0
2016-07-25,882315310232.0
2016-07-26,884151385651.0
2016-07-27,872599952763.0
2016-07-28,868765727064.0
2016-07-29,863729060093.0
2016-08-01,860118366874.0
2016-08-02,859285374791.0
2016-08-03,859286577775.0
2016-08-04,860963939972.0
2016-08-05,857967925431.0
2016-08-08,861100690928.0
2016-08-09,864080719756.0
2016-08-10,867608857029.0
2016-08-11,868104626118.0
2016-08-12,865578198507.0
2016-08-15,876546087510.0
2016-08-16,886509313514.0
2016-08-17,889828434642.0
2016-08-18,894223871036.0
2016-08-19,894045395969.0
2016-08-22,895631889950.0
2016-08-23,896181482661.0
2016-08-24,897506824128.0
2016-08-25,897692322714.0
2016-08-26,895587406317.0
2016-08-29,897807631426.0
2016-08-30,897781021415.0
2016-08-31,899715256856.0
2016-09-01,899106507086.0
2016-09-02,895567050951.0
2016-09-05,896121870784.0
2016-09-06,902385632754.0
2016-09-07,902422932815.0
2016-09-08,903858403468.0
2016-09-09,900411947710.0
2016-09-12,897136886101.0
2016-09-13,896026302834.0
2016-09-14,889644175404.0
2016-09-19,892035518129.0
2016-09-20,892872537022.0
2016-09-21,893695876443.0
2016-09-22,892186904389.0
2016-09-23,888026487142.0
2016-09-26,887226981100.0
2016-09-27,886471979878.0
2016-09-28,884972819562.0
2016-09-29,882369047015.0
2016-09-30,868665604391.0
2016-10-10,878411187506.0
2016-10-11,882896701941.0
2016-10-12,887418136148.0
2016-10-13,890402703607.0
2016-10-14,889677824796.0
2016-10-17,891794547903.0
2016-10-18,897469423133.0
2016-10-19,899130449973.0
2016-10-20,900647256575.0
2016-10-21,898315775844.0
2016-10-24,904645258450.0
2016-10-25,908412990701.0
2016-10-26,910560799675.0
2016-10-27,912308239868.0
2016-10-28,905820865514.0
2016-10-31,907700177775.0
2016-11-01,910736870331.0
2016-11-02,910141113093.0
2016-11-03,916931382616.0
2016-11-04,915111778040.0
2016-11-07,917717888180.0
2016-11-08,919068654802.0
2016-11-09,922802938079.0
2016-11-10,928551524029.0
2016-11-11,928587131255.0
2016-11-14,936792762257.0
2016-11-15,941537604912.0
2016-11-16,945466942381.0
2016-11-17,945932287533.0
2016-11-18,943905561211.0
2016-11-21,950033537349.0
2016-11-22,956413063414.0
2016-11-23,956128924462.0
2016-11-24,956632365276.0
2016-11-25,955837081234.0
2016-11-28,963755055063.0
2016-11-29,966807403696.0
2016-11-30,972185621453.0
2016-12-01,969584399776.0
2016-12-02,965121372443.0
2016-12-05,963619566285.0
2016-12-06,963671388233.0
2016-12-07,965210684521.0
2016-12-08,964923898505.0
2016-12-09,961821426330.0
2016-12-12,950163091272.0
2016-12-13,948846003769.0
2016-12-14,949272804025.0
2016-12-15,952140054782.0
2016-12-16,948571880035.0
2016-12-19,947687711754.0
2016-12-20,948923015755.0
2016-12-21,948868413983.0
2016-12-22,947775526797.0
2016-12-23,942344121705.0
2016-12-26,943769836500.0
2016-12-27,944434486530.0
2016-12-28,944891809043.0
2016-12-29,944107951047.0
2016-12-30,935769676921.0
2017-01-03,935832559799.0
2017-01-04,934594854977.0
2017-01-05,932900065833.0
2017-01-06,929453224403.0
2017-01-09,929468934803.0
2017-01-10,927824461411.0
2017-01-11,925585425374.0
2017-01-12,923550691401.0
2017-01-13,916524592533.0
2017-01-16,898877736460.0
2017-01-17,897358798905.0
2017-01-18,894103909957.0
2017-01-19,892229637469.0
2017-01-20,888736050548.0
2017-01-23,886134954085.0
2017-01-24,881729014113.0
2017-01-25,878214031653.0
2017-01-26,865010437753.0
2017-02-03,869708160544.0
2017-02-06,874412867242.0
2017-02-07,874731205811.0
2017-02-08,877490886650.0
2017-02-09,881332437848.0
2017-02-10,879524853353.0
2017-02-13,884664258435.0
2017-02-14,886432801744.0
2017-02-15,888277067722.0
2017-02-16,891753714793.0
2017-02-17,890112378170.0
2017-02-20,894935868779.0
2017-02-21,896021747833.0
2017-02-22,898281549718.0
2017-02-23,901455373684.0
2017-02-24,901414486550.0
2017-02-27,904123762538.0
2017-02-28,906345261286.0
2017-03-01,907090050477.0
2017-03-02,908223600038.0
2017-03-03,905594570914.0
2017-03-06,908838022784.0
2017-03-07,909396270740.0
2017-03-08,909417261280.0
2017-03-09,908767402459.0
2017-03-14,908647468941.0
2017-03-15,909625062147.0
2017-03-16,916593352734.0
2017-03-20,918360968221.0
2017-03-21,919844527032.0
2017-03-22,921474030810.0
2017-03-23,922149574982.0
2017-03-27,925924646266.0
2017-03-28,926996930003.0
2017-03-29,926649661481.0
2017-03-30,925557284472.0
2017-03-31,918024668375.0
2017-04-05,923153694137.0
2017-04-06,924044386024.0
2017-04-07,921500568361.0
2017-04-10,925553433456.0
2017-04-11,930753918517.0
2017-04-12,932413357851.0
2017-04-13,935682102106.0
2017-04-14,932574172055.0
2017-04-17,934274582154.0
2017-04-18,932672169729.0
2017-04-19,929602348026.0
2017-04-20,926626045316.0
2017-04-21,918551460328.0
2017-04-24,912755951363.0
2017-04-25,910719908970.0
2017-04-26,909790779822.0
2017-04-27,910010791750.0
2017-04-28,904679025964.0
2017-05-02,906301039373.0
2017-05-03,907066757106.0
2017-05-04,908680634763.0
2017-05-05,902953308206.0
2017-05-08,898034658990.0
2017-05-09,896337336084.0
2017-05-10,890721283042.0
2017-05-11,882669019789.0
2017-05-12,877287574914.0
2017-05-15,874967116664.0
2017-05-16,877760699576.0
2017-05-17,878626179307.0
2017-05-18,879696445312.0
2017-05-19,876912496161.0
2017-05-22,876157676280.0
2017-05-23,871299876643.0
2017-05-24,870531468224.0
2017-05-25,870239633008.0
2017-05-26,863994052430.0
2017-05-31,864815002865.0
2017-06-01,859780700615.0
2017-06-02,858002686959.0
2017-06-05,859152110560.0
2017-06-06,858121425847.0
2017-06-07,861715437304.0
2017-06-08,862341610498.0
2017-06-09,860608720575.0
2017-06-12,862527986204.0
2017-06-13,865273306747.0
2017-06-14,865587575529.0
2017-06-15,868901639580.0
2017-06-16,865612291222.0
2017-06-19,867471673328.0
2017-06-20,867499490102.0
2017-06-21,868809656652.0
2017-06-22,869148413833.0
2017-06-23,866794774655.0
2017-06-26,871916932707.0
2017-06-27,874112034118.0
2017-06-28,877068551313.0
2017-06-29,878149833143.0
2017-06-30,875606340707.0
2017-07-03,877507578907.0
2017-07-04,878919427676.0
2017-07-05,880900655833.0
2017-07-06,881158300443.0
2017-07-07,879977180950.0
2017-07-10,882774959549.0
2017-07-11,882831383519.0
2017-07-12,884245553954.0
2017-07-13,884625346553.0
2017-07-14,880564483038.0
2017-07-17,875570744628.0
2017-07-18,875734638088.0
2017-07-19,878104396173.0
2017-07-20,879281096357.0
2017-07-21,878290350961.0
2017-07-24,884179341953.0
2017-07-25,887761749955.0
2017-07-26,890372896365.0
2017-07-27,893760457210.0
2017-07-28,890846894868.0
2017-07-31,896223311481.0
2017-08-01,897562419018.0
2017-08-02,901272960822.0
2017-08-03,905427417195.0
2017-08-04,902106292399.0
2017-08-07,905358362615.0
2017-08-08,904460685654.0
2017-08-09,908294146844.0
2017-08-10,908654202075.0
2017-08-11,904869339322.0
2017-08-14,909879147320.0
2017-08-15,912394761035.0
2017-08-16,914912654372.0
2017-08-17,917861480822.0
2017-08-18,916066872284.0
2017-08-21,919628249006.0
2017-08-22,921666207182.0
2017-08-23,922504648399.0
2017-08-24,923785282858.0
2017-08-25,922706338593.0
2017-08-28,929205864210.0
2017-08-29,933104972145.0
2017-08-30,935128465593.0
2017-08-31,941682282587.0
2017-09-01,942973468711.0
2017-09-04,948843264183.0
2017-09-05,951890569299.0
2017-09-06,956874614541.0
2017-09-07,960147439274.0
2017-09-08,960945738694.0
2017-09-11,969107967818.0
2017-09-12,973637336815.0
2017-09-13,977024533140.0
2017-09-15,978863710281.0
2017-09-18,984436747141.0
2017-09-19,987340433189.0
2017-09-20,993069759993.0
2017-09-21,990409247389.0
2017-09-22,987109997668.0
2017-09-25,984544982064.0
2017-09-26,983638852309.0
2017-09-27,982872492936.0
2017-09-28,980554084853.0
2017-09-29,965701460511.0
2017-10-09,981526882668.0
2017-10-10,988226387531.0
2017-10-11,990046901251.0
2017-10-12,990224542360.0
2017-10-13,989592843617.0
2017-10-16,990784318670.0
2017-10-17,990456973017.0
2017-10-18,986807042277.0
2017-10-19,983774130320.0
2017-10-20,982139120738.0
2017-10-23,985758110619.0
2017-10-24,982492203868.0
2017-10-25,984707686364.0
2017-10-26,992042646613.0
2017-10-27,992312731127.0
2017-10-30,992425480834.0
2017-10-31,994710410681.0
2017-11-01,1000088416449.0
2017-11-02,999623359580.0
2017-11-03,995302490524.0
2017-11-06,1001847695281.0
2017-11-07,1007235378046.0
2017-11-08,1012699409274.0
2017-11-09,1016248029791.0
2017-11-10,1018075032613.0
2017-11-13,1026917599596.0
2017-11-14,1031184341276.0
2017-11-15,1032554644527.0
2017-11-16,1035013914322.0
2017-11-17,1022635565151.0
2017-11-20,1023929408151.0
2017-11-21,1031191705498.0
2017-11-22,1034048094587.0
2017-11-23,1031580163203.0
2017-11-24,1025004338161.0
2017-11-27,1021018724059.0
2017-11-28,1022995438441.0
2017-11-29,1024796462106.0
2017-11-30,1023885170071.0
2017-12-01,1021973954428.0
2017-12-04,1020975457900.0
2017-12-05,1007603404955.0
2017-12-06,1008354560245.0
2017-12-07,1009113617246.0
2017-12-08,1009203719622.0
2017-12-11,1010913104446.0
2017-12-12,1012310483951.0
2017-12-13,1015249840950.0
2017-12-14,1017568913572.0
2017-12-15,1014454385911.0
2017-12-18,1015353300545.0
2017-12-19,1016720141229.0
2017-12-20,1015852220746.0
2017-12-21,1017070791557.0
2017-12-22,1016182513792.0
2017-12-25,1018697496831.0
2017-12-26,1021642416385.0
2017-12-27,1023446915543.0
2017-12-28,1026880456297.0
2017-12-29,1021757693531.0
2018-01-02,1025152603014.0
2018-01-03,1026853988160.0
2018-01-04,1028921104820.0
2018-01-05,1028813557582.0
2018-01-08,1034194823840.0
2018-01-09,1037871274971.0
2018-01-10,1042512530329.0
2018-01-11,1045577359438.0
2018-01-12,1043560196198.0
2018-01-15,1045186304553.0
2018-01-16,1050788325527.0
2018-01-17,1052447240918.0
2018-01-18,1059878314750.0
2018-01-19,1061057573211.0
2018-01-22,1066258651882.0
2018-01-23,1071405792409.0
2018-01-24,1075837974238.0
2018-01-25,1076363897805.0
2018-01-26,1074274621970.0
2018-01-29,1077989989116.0
2018-01-30,1078400270526.0
2018-01-31,1074273557410.0
2018-02-01,1061754383196.0
2018-02-02,1052757954144.0
2018-02-05,1050767470897.0
2018-02-06,1034520671199.0
2018-02-07,1029148567228.0
2018-02-08,1025934041354.0
2018-02-09,1007932861964.0
2018-02-12,1000443611060.0
2018-02-13,991334097064.0
2018-02-14,977773369054.0
2018-02-22,982507802998.0
2018-02-23,982666013730.0
2018-02-26,987722773340.0
2018-02-27,988782427678.0
2018-02-28,990296561911.0
2018-03-01,993445532019.0
2018-03-02,992737281978.0
2018-03-05,992447273195.0
2018-03-06,995439489574.0
2018-03-07,994498634626.0
2018-03-08,995521314842.0
2018-03-09,994833968696.0
2018-03-12,1000196057361.0
2018-03-13,1000601094885.0
2018-03-14,1002565034743.0
2018-03-15,1003707563932.0
2018-03-16,1001298170457.0
2018-03-19,1002705098679.0
2018-03-20,1003222620642.0
2018-03-21,1005301089624.0
2018-03-22,1006118541380.0
2018-03-23,989617289869.0
2018-03-26,993985748713.0
2018-03-27,996189730862.0
2018-03-28,995811678282.0
2018-03-29,997844700625.0
2018-03-30,995763369815.0
2018-04-02,998858314580.0
2018-04-03,998761384609.0
2018-04-04,992812553717.0
2018-04-09,995884511044.0
2018-04-10,994654677564.0
2018-04-11,995349756507.0
2018-04-12,995689695928.0
2018-04-13,994230499833.0
2018-04-16,995715763658.0
2018-04-17,993379485751.0
2018-04-18,993175208195.0
2018-04-19,991189066759.0
2018-04-20,986037432165.0
2018-04-23,987248005581.0
2018-04-24,985597052507.0
2018-04-25,986952547560.0
2018-04-26,986084158823.0
2018-04-27,978902710919.0
2018-05-02,978162000169.0
2018-05-03,977042805418.0
2018-05-04,974751470505.0
2018-05-07,977021715366.0
2018-05-08,978200632353.0
2018-05-09,980800899624.0
2018-05-10,982886794697.0
2018-05-11,979312115362.0
2018-05-14,980085833888.0
2018-05-15,981074970172.0
2018-05-16,981667418122.0
2018-05-17,983668660983.0
2018-05-18,981718779070.0
2018-05-21,985004802246.0
2018-05-22,988982630745.0
2018-05-23,990997134276.0
2018-05-24,992730622465.0
2018-05-25,989249339702.0
2018-05-28,989809253042.0
2018-05-29,988448332410.0
2018-05-30,983962286060.0
2018-05-31,983045521185.0
2018-06-01,978586722006.0
2018-06-04,976031880480.0
2018-06-05,976121868857.0
2018-06-06,975492501323.0
2018-06-07,975481367536.0
2018-06-08,972242212106.0
2018-06-11,970619512696.0
2018-06-12,970306155243.0
2018-06-13,967740087874.0
2018-06-14,967312945177.0
2018-06-15,959042705692.0
2018-06-19,937533865123.0
2018-06-20,931778483696.0
2018-06-21,924272340891.0
2018-06-22,919465153530.0
2018-06-25,917375015925.0
2018-06-26,917879036441.0
2018-06-27,916432652687.0
2018-06-28,914459974441.0
2018-06-29,912908972436.0
2018-07-02,911055377006.0
2018-07-03,912608879461.0
2018-07-04,907268786129.0
2018-07-05,902375469327.0
2018-07-06,898807437645.0
2018-07-09,896960828367.0
2018-07-10,896279392497.0
2018-07-11,892013128529.0
2018-07-12,894162397002.0
2018-07-13,890599485040.0
2018-07-16,890954070852.0
2018-07-17,891879738125.0
2018-07-18,891107493373.0
2018-07-19,889208018198.0
2018-07-20,886413979328.0
2018-07-23,884795355218.0
2018-07-24,884608034664.0
2018-07-25,885702705337.0
2018-07-26,887789409473.0
2018-07-27,885089601405.0
2018-07-30,884927402535.0
2018-07-31,884363774557.0
2018-08-10,866208338687.0
2018-08-13,867418716810.0
2018-08-14,868005903568.0
2018-08-15,867650086005.0
2018-08-16,867554751086.0
2018-08-17,863993952569.0
2018-08-20,862160339553.0
2018-08-21,859237192234.0
2018-08-22,857492151786.0
2018-08-23,857672124599.0
2018-08-24,854970790161.0
2018-08-27,855089875633.0
2018-08-28,854623992180.0
2018-08-29,854818162658.0
2018-08-30,854136828059.0
2018-08-31,850279823075.0
2018-09-03,849713836626.0
2018-09-04,849839142147.0
2018-09-05,849150273492.0
2018-09-06,849310968295.0
2018-09-07,846003322391.0
2018-09-10,843250927612.0
2018-09-11,842108692324.0
2018-09-12,842299861212.0
2018-09-13,841997226307.0
2018-09-14,837814369923.0
2018-09-17,835911658371.0
2018-09-18,835787226204.0
2018-09-19,832854772670.0
2018-09-20,830577498790.0
2018-09-21,826354126666.0
2018-09-25,827481177589.0
2018-09-26,825777357775.0
2018-09-27,823254979945.0
2018-09-28,815142886785.0
2018-10-08,819958676518.0
2018-10-09,819981529221.0
2018-10-10,819723606792.0
2018-10-11,805647487183.0
2018-10-12,793069675532.0
2018-10-15,788083563650.0
2018-10-16,779574765308.0
2018-10-17,775035060620.0
2018-10-18,769951068593.0
2018-10-19,764858302341.0
2018-10-22,765543108674.0
2018-10-23,766604638766.0
2018-10-24,766668220780.0
2018-10-25,765836609948.0
2018-10-26,764222022589.0
2018-10-29,765075948354.0
2018-10-30,762900396267.0
2018-10-31,762114076230.0
2018-11-01,761759600011.0
2018-11-02,759176452959.0
2018-11-05,761036998391.0
2018-11-06,762100001143.0
2018-11-07,762323241295.0
2018-11-08,761675315645.0
2018-11-09,761392925944.0
2018-11-12,763900713103.0
2018-11-13,765039526159.0
2018-11-14,767045474311.0
2018-11-15,769051789471.0
2018-11-16,767934132908.0
2018-11-19,770935802222.0
2018-11-20,773350309277.0
2018-11-21,773707210318.0
2018-11-22,773916546841.0
2018-11-23,768806215580.0
2018-11-26,767777998186.0
2018-11-27,767671068332.0
2018-11-28,767148741347.0
2018-11-29,764753354621.0
2018-11-30,762105530466.0
2018-12-03,762998285451.0
2018-12-04,763089867941.0
2018-12-05,763228416667.0
2018-12-06,764646886929.0
2018-12-07,763159537960.0
2018-12-10,763945022534.0
2018-12-11,763463222758.0
2018-12-12,762686207834.0
2018-12-13,762770436120.0
2018-12-14,758903310012.0
2018-12-17,759876987650.0
2018-12-18,759959633331.0
2018-12-19,758185743871.0
2018-12-20,759546462679.0
2018-12-21,757653736223.0
2018-12-24,757818244398.0
2018-12-25,756557333655.0
2018-12-26,755989984281.0
2018-12-27,755178715294.0
2018-12-28,748980879084.0
2019-01-02,749752036777.0
2019-01-03,748971154637.0
2019-01-04,750164432913.0
2019-01-07,750963218970.0
2019-01-08,750396086955.0
2019-01-09,749326137994.0
2019-01-10,749001108590.0
2019-01-11,747245545000.0
2019-01-14,747777559593.0
2019-01-15,747088351371.0
2019-01-16,744678256449.0
2019-01-17,743480283879.0
2019-01-18,740213859415.0
2019-01-21,739956489546.0
2019-01-22,741463830405.0
2019-01-23,741022110148.0
2019-01-24,740368415015.0
2019-01-25,735102448926.0
2019-01-28,732999634072.0
2019-01-29,730378258175.0
2019-01-30,727039968572.0
2019-01-31,721950469329.0
2019-02-01,710921371954.0
2019-02-11,715984905255.0
2019-02-12,719312181567.0
2019-02-13,724318112843.0
2019-02-14,728093006967.0
2019-02-15,732374080248.0
2019-02-18,737487337150.0
2019-02-19,743485617661.0
2019-02-20,748019246950.0
2019-02-21,751770477596.0
2019-02-22,757203531639.0
2019-02-25,775168219640.0
2019-02-26,784914237281.0
2019-02-27,794782505830.0
2019-02-28,796502575653.0
2019-03-01,796216048275.0
2019-03-04,807001635205.0
2019-03-05,820296344039.0
2019-03-06,833278263691.0
2019-03-07,849494932755.0
2019-03-08,854969817975.0
2019-03-11,868386129877.0
2019-03-12,877242279360.0
2019-03-13,881165369781.0
2019-03-14,879998315028.0
2019-03-15,877319614007.0
2019-03-18,883518690421.0
2019-03-19,889143838839.0
2019-03-20,892935753260.0
2019-03-21,902286442149.0
2019-03-22,901689612789.0
2019-03-25,909509268943.0
2019-03-26,908343926680.0
2019-03-27,910570521728.0
2019-03-28,911407388028.0
2019-03-29,913237386617.0
2019-04-01,921382856114.0
2019-04-02,929365809451.0
2019-04-03,935278835482.0
2019-04-04,936924253184.0
2019-04-08,951075568356.0
2019-04-09,955527529946.0
2019-04-10,960215635846.0
2019-04-11,959903512307.0
2019-04-12,957104750644.0
2019-04-15,959072004813.0
2019-04-16,966449632851.0
2019-04-17,971758270861.0
2019-04-18,974130920060.0
2019-04-19,975562369957.0
2019-04-22,980081439133.0
2019-04-23,978477623861.0
2019-04-24,982258771682.0
2019-04-25,976915526913.0
2019-04-26,973858973480.0
2019-04-29,964916157778.0
2019-04-30,952497290000.0
2019-05-06,941957332384.0
2019-05-07,937270063719.0
2019-05-08,936256237570.0
2019-05-09,934681887576.0
2019-05-10,934237097291.0
2019-05-13,931029119089.0
2019-05-14,930025105939.0
2019-05-15,930190970172.0
2019-05-16,929945479013.0
2019-05-17,924479646305.0
2019-05-20,924231630525.0
2019-05-21,925246006082.0
2019-05-22,923476054170.0
2019-05-23,920657306571.0
2019-05-24,916383433245.0
2019-05-27,920913991324.0
2019-05-28,918776474255.0
2019-05-29,919107122015.0
2019-05-30,918465511238.0
2019-05-31,914812393893.0
2019-06-03,913166764623.0
2019-06-04,909531314819.0
2019-06-05,907339318435.0
2019-06-06,901796120430.0
2019-06-10,901283755076.0
2019-06-11,902977196751.0
2019-06-12,904755142315.0
2019-06-13,906417991324.0
2019-06-14,901870940137.0
2019-06-17,901908217730.0
2019-06-18,900606609381.0
2019-06-19,899780504424.0
2019-06-20,902020687618.0
2019-06-21,901102196358.0
2019-06-24,905117998667.0
2019-06-25,906669926335.0
2019-06-26,906242770658.0
2019-06-27,906555495624.0
2019-06-28,901962675393.0
2019-07-01,906910523587.0
2019-07-02,908343237365.0
2019-07-03,911207627423.0
2019-07-04,911334343414.0
2019-07-05,909285832282.0
2019-07-08,908506288414.0
2019-07-09,907490379574.0
2019-07-10,906818872375.0
2019-07-11,904566135793.0
2019-07-12,902326217681.0
2019-07-15,904682920896.0
2019-07-16,904410003057.0
2019-07-17,905356598429.0
2019-07-18,903554146301.0
2019-07-19,901373096854.0
2019-07-22,898264296903.0
2019-07-23,896742999195.0
2019-07-24,897457782337.0
2019-07-25,897928957149.0
2019-07-26,896019706398.0
2019-07-29,898461734607.0
2019-07-30,897963881955.0
2019-07-31,897483914167.0
2019-08-01,898069083069.0
2019-08-02,894626877828.0
2019-08-05,895024988685.0
2019-08-06,890263389650.0
2019-08-07,886532680530.0
2019-08-08,884648855486.0
2019-08-09,880828995506.0
2019-08-12,881799942562.0
2019-08-13,882281123578.0
2019-08-14,883160750435.0
2019-08-15,882256193063.0
2019-08-16,882241636368.0
2019-08-19,893046713473.0
2019-08-20,897532089915.0
2019-08-21,900613385862.0
2019-08-22,903963376592.0
2019-08-23,903039215361.0
2019-08-26,907024548182.0
2019-08-27,908779764532.0
2019-08-28,911492419503.0
2019-08-29,914574711945.0
2019-08-30,913478244818.0
2019-09-02,918168534536.0
2019-09-03,920892330518.0
2019-09-04,924252245707.0
2019-09-05,930887577125.0
2019-09-06,931777045262.0
2019-09-09,942780295109.0
2019-09-10,948037287864.0
2019-09-11,951017959269.0
2019-09-12,946856676293.0
2019-09-16,954672742151.0
2019-09-17,956245865591.0
2019-09-18,957441059865.0
2019-09-19,960221606893.0
2019-09-20,957730376231.0
2019-09-23,960466355218.0
2019-09-24,960445874274.0
2019-09-25,957266196092.0
2019-09-26,952155883150.0
2019-09-27,947407179540.0
2019-09-30,937278679141.0
2019-10-08,942630306463.0
2019-10-09,944162447431.0
2019-10-10,946793828480.0
2019-10-11,944430272487.0
2019-10-14,950753255699.0
2019-10-15,949431451147.0
2019-10-16,950258085463.0
2019-10-17,950349863750.0
2019-10-18,947137548536.0
2019-10-21,947439068368.0
2019-10-22,948549564626.0
2019-10-23,949233722553.0
2019-10-24,950537830996.0
2019-10-25,950801742404.0
2019-10-28,956216493547.0
2019-10-29,955512054206.0
2019-10-30,955400268045.0
2019-10-31,953248068256.0
2019-11-01,953200544590.0
2019-11-04,955128804518.0
2019-11-05,956706836681.0
2019-11-06,956841938636.0
2019-11-07,958085451945.0
2019-11-08,956205907098.0
2019-11-11,954536559468.0
2019-11-12,953952042634.0
2019-11-13,954996176505.0
2019-11-14,956929215702.0
2019-11-15,953527764572.0
2019-11-18,954630042559.0
2019-11-19,957818307865.0
2019-11-20,958486414398.0
2019-11-21,959235057997.0
2019-11-22,955433810660.0
2019-11-25,955099618487.0
2019-11-26,951980376672.0
2019-11-27,953770842468.0
2019-11-28,952495194685.0
2019-11-29,951997894299.0
2019-12-02,953368501467.0
2019-12-03,955586165718.0
2019-12-04,956394774496.0
2019-12-05,958844129018.0
2019-12-06,959106215993.0
2019-12-09,962679606892.0
2019-12-10,964956340960.0
2019-12-11,966743642188.0
2019-12-12,968219644696.0
2019-12-13,967854031872.0
2019-12-16,977139208060.0
2019-12-17,985483332707.0
2019-12-18,992977586373.0
2019-12-19,996881166314.0
2019-12-20,994630598636.0
2019-12-23,996701558710.0
2019-12-24,996591766413.0
2019-12-25,998326786438.0
2019-12-26,1001279953428.0
2019-12-27,999736502821.0
2019-12-30,1005476117908.0
2019-12-31,1005504471274.0
2020-01-02,1010665789249.0
2020-01-03,1012222333537.0
2020-01-06,1022732880448.0
2020-01-07,1027099183389.0
2020-01-08,1030168660483.0
2020-01-09,1033283032135.0
2020-01-10,1032060549679.0
2020-01-13,1037670807811.0
2020-01-14,1040240085162.0
2020-01-15,1043096025303.0
2020-01-16,1043928065371.0
2020-01-17,1041152296268.0
2020-01-20,1045036238885.0
2020-01-21,1044438784065.0
2020-01-22,1044283349246.0
2020-01-23,1026936707884.0
2020-02-03,1015555421658.0
2020-02-04,1014065922580.0
2020-02-05,1014970893249.0
2020-02-06,1023876230030.0
2020-02-07,1027339353085.0
2020-02-10,1032522798847.0
2020-02-11,1030624246075.0
2020-02-12,1037257591474.0
2020-02-13,1039765327247.0
2020-02-14,1038950282865.0
2020-02-17,1050819725744.0
2020-02-18,1062065261175.0
2020-02-19,1064603786814.0
2020-02-20,1075598221413.0
2020-02-21,1082837530934.0
2020-02-24,1096366919209.0
2020-02-25,1107772802724.0
2020-02-26,1110936888508.0
2020-02-27,1109273824948.0
2020-02-28,1087902678536.0
2020-03-02,1096284541207.0
2020-03-03,1102039691397.0
2020-03-04,1105147979124.0
2020-03-05,1115063044237.0
2020-03-06,1110817723597.0
2020-03-09,1107888626765.0
2020-03-10,1113263606042.0
2020-03-11,1111335613787.0
2020-03-12,1107926926923.0
2020-03-13,1099455883608.0
2020-03-16,1082144469701.0
2020-03-17,1083754983908.0
2020-03-18,1074613146339.0
2020-03-19,1078919566384.0
2020-03-20,1073104286038.0
2020-03-23,1063227306364.0
2020-03-24,1062300087304.0
2020-03-25,1063685395567.0
2020-03-26,1059500536803.0
2020-03-27,1053740434736.0
2020-03-30,1050085127628.0
2020-03-31,1047444346031.0
2020-04-01,1042995475437.0
2020-04-02,1044333677318.0
2020-04-03,1037488321064.0
2020-04-07,1042971135376.0
2020-04-08,1042641019065.0
2020-04-09,1044472619863.0
2020-04-10,1037907526970.0
2020-04-13,1037417496803.0
2020-04-14,1037779232940.0
2020-04-15,1037854699021.0
2020-04-16,1039985112337.0
2020-04-17,1037703724159.0
2020-04-20,1041463360044.0
2020-04-21,1042487466934.0
2020-04-22,1045499353406.0
2020-04-23,1045356755404.0
2020-04-24,1038835970981.0
2020-04-27,1036912756111.0
2020-04-28,1032644191201.0
2020-04-29,1028542583038.0
2020-04-30,1021627792735.0
2020-05-06,1033507000487.0
2020-05-07,1039457831455.0
2020-05-08,1040954798915.0
2020-05-11,1047120603496.0
2020-05-12,1050066980102.0
2020-05-13,1053149662390.0
2020-05-14,1054873888829.0
2020-05-15,1054312006932.0
2020-05-18,1055300170689.0
2020-05-19,1058899878260.0
2020-05-20,1058857146528.0
2020-05-21,1058212290796.0
2020-05-22,1053285356999.0
2020-05-25,1053506259468.0
2020-05-26,1055951797807.0
2020-05-27,1055487965079.0
2020-05-28,1054648865960.0
2020-05-29,1051912869004.0
2020-06-01,1062010969668.0
2020-06-02,1066143453098.0
2020-06-03,1068908763320.0
2020-06-04,1070844014485.0
2020-06-05,1069821592509.0
2020-06-08,1074335319049.0
2020-06-09,1076048612994.0
2020-06-10,1078090781854.0
2020-06-11,1080990160186.0
2020-06-12,1080757542557.0
2020-06-15,1085056932757.0
2020-06-16,1092207962638.0
2020-06-17,1095762129851.0
2020-06-18,1100726027947.0
2020-06-19,1100701524980.0
2020-06-22,1111451811628.0
2020-06-23,1115591141738.0
2020-06-24,1110521528459.0
2020-06-29,1119209075978.0
2020-06-30,1131374169320.0
2020-07-01,1142161211516.0
2020-07-02,1155010938190.0
2020-07-03,1166765020349.0
2020-07-06,1203590117790.0
2020-07-07,1229993225723.0
2020-07-08,1260698528942.0
2020-07-09,1284675887735.0
2020-07-10,1301382194615.0
2020-07-13,1331916611526.0
2020-07-14,1345017517388.0
2020-07-15,1346492008064.0
2020-07-16,1341939765243.0
2020-07-17,1334839173214.0
2020-07-20,1344569686415.0
2020-07-21,1344929215645.0
2020-07-22,1350396118862.0
2020-07-23,1358102990985.0
2020-07-24,1341177646604.0
2020-07-27,1344991275638.0
2020-07-28,1345910711328.0
2020-07-29,1358366377100.0
2020-07-30,1365311054502.0
2020-07-31,1372011073247.0
2020-08-03,1394112744304.0
2020-08-04,1397954672102.0
2020-08-05,1408755370735.0
2020-08-06,1412666240447.0
2020-08-07,1403622603124.0
2020-08-10,1408366426505.0
2020-08-11,1402863729358.0
2020-08-12,1399090097747.0
2020-08-13,1400596295571.0
2020-08-14,1393757232949.0
2020-08-17,1410026718128.0
2020-08-18,1417255981473.0
2020-08-19,1417092262236.0
2020-08-20,1415671128265.0
2020-08-21,1413894983288.0
2020-08-24,1420133350436.0
2020-08-25,1418999430804.0
2020-08-26,1412663717643.0
2020-08-27,1414596063666.0
2020-08-28,1415823160935.0
2020-08-31,1425630910514.0
2020-09-01,1428318674539.0
2020-09-02,1436310321194.0
2020-09-03,1436155797008.0
2020-09-04,1433300239727.0
2020-09-07,1431420503484.0
2020-09-08,1429651917516.0
2020-09-09,1425438027127.0
2020-09-10,1414456029098.0
2020-09-11,1411312158099.0
2020-09-14,1413208022894.0
2020-09-15,1414086426514.0
2020-09-16,1413268293422.0
2020-09-17,1415559387024.0
2020-09-18,1416780394308.0
2020-09-21,1418016065655.0
2020-09-22,1417494358657.0
2020-09-23,1419951783415.0
2020-09-24,1418662387952.0
2020-09-25,1414200707571.0
2020-09-28,1409106337726.0
2020-09-29,1405331333527.0
2020-09-30,1388746658898.0
2020-10-09,1399483666837.0
2020-10-12,1411375161443.0
2020-10-13,1420070451373.0
2020-10-14,1426824642754.0
2020-10-15,1427928773576.0
2020-10-16,1423846989798.0
2020-10-19,1425703331893.0
2020-10-20,1428408862854.0
2020-10-21,1427504878181.0
2020-10-22,1429264592605.0
2020-10-23,1419586857820.0
2020-10-26,1417107984204.0
2020-10-27,1417210728457.0
2020-10-28,1419943909242.0
2020-10-29,1422451316096.0
2020-10-30,1414876278886.0
2020-11-02,1416357465677.0
2020-11-03,1419389002508.0
2020-11-04,1423028279513.0
2020-11-05,1428468524741.0
2020-11-06,1428529448915.0
2020-11-09,1439348083313.0
2020-11-10,1441725581493.0
2020-11-11,1440036743081.0
2020-11-12,1439634081819.0
2020-11-13,1438929147396.0
2020-11-16,1444362167481.0
2020-11-17,1445897291775.0
2020-11-18,1447449484271.0
2020-11-19,1446381975413.0
2020-11-20,1445236425371.0
2020-11-23,1454182394477.0
2020-11-24,1458716501527.0
2020-11-25,1460488051215.0
2020-11-26,1457362341551.0
2020-11-27,1452455561388.0
2020-11-30,1457182537819.0
2020-12-01,1462990221665.0
2020-12-02,1469359611159.0
2020-12-03,1470141420164.0
2020-12-04,1469095422342.0
2020-12-07,1474007024384.0
2020-12-08,1474068671159.0
2020-12-09,1469165987662.0
2020-12-10,1468600882774.0
2020-12-11,1463893168952.0
2020-12-14,1466750558557.0
2020-12-15,1466944767034.0
2020-12-16,1467500912937.0
2020-12-17,1470254271570.0
2020-12-18,1471634656359.0
2020-12-21,1477677271209.0
2020-12-22,1478532490253.0
2020-12-23,1482422205793.0
2020-12-24,1482546305535.0
2020-12-25,1482865552647.0
2020-12-28,1485807642514.0
2020-12-29,1479527274359.0
2020-12-30,1483072760375.0
2020-12-31,1482024045361.0
2021-01-04,1505720836807.0
2021-01-05,1515565562814.0
2021-01-06,1521280831544.0
2021-01-07,1527506736251.0
2021-01-08,1526379569467.0
2021-01-11,1528856054433.0
2021-01-12,1537085877206.0
2021-01-13,1540221819504.0
2021-01-14,1538678412808.0
2021-01-15,1536545834952.0
2021-01-18,1544509708363.0
2021-01-19,1548055238800.0
2021-01-20,1552902943677.0
2021-01-21,1560985175674.0
2021-01-22,1560348210417.0
2021-01-25,1566526516912.0
2021-01-26,1560302845933.0
2021-01-27,1559611750904.0
2021-01-28,1555209859618.0
2021-01-29,1540240567873.0
2021-02-01,1538473200106.0
2021-02-02,1538256405585.0
2021-02-03,1537044947594.0
2021-02-04,1528051633540.0
2021-02-05,1517744717708.0
2021-02-08,1514523174872.0
2021-02-09,1516758529606.0
2021-02-10,1498767034831.0
2021-02-18,1521734503139.0
2021-02-19,1527739765215.0
2021-02-22,1540449172517.0
2021-02-23,1538702443821.0
2021-02-24,1539445363960.0
2021-02-25,1537615248887.0
2021-02-26,1530380001684.0
2021-03-01,1534133623249.0
2021-03-02,1536200228961.0
2021-03-03,1536141811915.0
2021-03-04,1532651313486.0
2021-03-05,1526255938196.0
2021-03-08,1524935804503.0
2021-03-09,1516737752025.0
2021-03-10,1510038929651.0
2021-03-11,1512493979972.0
2021-03-12,1507819551722.0
2021-03-15,1511610998410.0
2021-03-16,1509855948141.0
2021-03-17,1510832048900.0
2021-03-18,1509316955296.0
2021-03-19,1507522817807.0
2021-03-22,1512738483937.0
2021-03-23,1511348894336.0
2021-03-24,1511807779960.0
2021-03-25,1507889168609.0
2021-03-26,1505571854721.0
2021-03-29,1507294488921.0
2021-03-30,1507544419491.0
2021-03-31,1509721561130.0
2021-04-01,1507254352312.0
2021-04-02,1504079494212.0
2021-04-06,1510847047460.0
2021-04-07,1516461914471.0
2021-04-08,1517069830026.0
2021-04-09,1514847975163.0
2021-04-12,1513960283431.0
2021-04-13,1508642699200.0
2021-04-14,1509911876698.0
2021-04-15,1510802313551.0
2021-04-16,1508569230573.0
2021-04-19,1513358496462.0
2021-04-20,1515775139092.0
2021-04-21,1517017136651.0
2021-04-22,1520051651336.0
2021-04-23,1515989348264.0
2021-04-26,1519089822437.0
2021-04-27,1516641437287.0
2021-04-28,1518142490932.0
2021-04-29,1515552716203.0
2021-04-30,1502555175615.0
2021-05-06,1511138576493.0
2021-05-07,1509672020956.0
2021-05-10,1514959472048.0
2021-05-11,1516709725949.0
2021-05-12,1520325181551.0
2021-05-13,1522090795900.0
2021-05-14,1522668781783.0
2021-05-17,1527322032522.0
2021-05-18,1532757022103.0
2021-05-19,1538679950172.0
2021-05-20,1539804231077.0
2021-05-21,1539149627290.0
2021-05-24,1544903387435.0
2021-05-25,1544280065762.0
2021-05-26,1549750676869.0
2021-05-27,1556515879766.0
2021-05-28,1559432276141.0
2021-05-31,1569588081989.0
2021-06-01,1577535171123.0
2021-06-02,1578931672202.0
2021-06-03,1580008891426.0
2021-06-04,1577431045756.0
2021-06-07,1585102792849.0
2021-06-08,1585734972119.0
2021-06-09,1586530991690.0
2021-06-10,1591088243564.0
2021-06-11,1587180299063.0
2021-06-15,1594407396826.0
2021-06-16,1589341589046.0
2021-06-17,1592272233823.0
2021-06-18,1594946385824.0
2021-06-21,1601972261576.0
2021-06-22,1608147831230.0
2021-06-23,1611685084166.0
2021-06-24,1612912482507.0
2021-06-25,1611839572887.0
2021-06-28,1620823499176.0
2021-06-29,1624721145093.0
2021-06-30,1628155901214.0
2021-07-01,1618122059322.0
2021-07-02,1616049252551.0
2021-07-05,1622371434140.0
2021-07-06,1622236698640.0
2021-07-07,1629142970750.0
2021-07-08,1633671144622.0
2021-07-09,1635567890203.0
2021-07-12,1644553100977.0
2021-07-13,1649822206214.0
2021-07-14,1650510397106.0
2021-07-15,1650114153718.0
2021-07-16,1646963979160.0
2021-07-19,1648613069044.0
2021-07-20,1650700972878.0
2021-07-21,1659031412396.0
2021-07-22,1666377626914.0
2021-07-23,1665026480595.0
2021-07-26,1667936779386.0
2021-07-27,1660038115468.0
2021-07-28,1644397754807.0
2021-07-29,1648343336928.0
2021-07-30,1647538378001.0
2021-08-02,1658893217925.0
2021-08-03,1657649946471.0
2021-08-04,1665865914443.0
2021-08-05,1670157851181.0
2021-08-06,1670687100139.0
2021-08-09,1676982577674.0
2021-08-10,1678545842159.0
2021-08-11,1685727993406.0
2021-08-12,1692588908357.0
2021-08-13,1689799600967.0
2021-08-16,1691261918391.0
2021-08-17,1682634358228.0
2021-08-18,1683906023788.0
2021-08-19,1682065130427.0
2021-08-20,1679467665156.0
2021-08-23,1693297759934.0
2021-08-24,1698155783368.0
2021-08-25,1702095515438.0
2021-08-26,1705842147324.0
2021-08-27,1701415852252.0
2021-08-30,1708490233970.0
2021-08-31,1706676485741.0
2021-09-01,1708011341727.0
2021-09-02,1710661599423.0
2021-09-03,1704304285945.0
2021-09-06,1713020860353.0
2021-09-07,1720097261491.0
2021-09-08,1730846173824.0
2021-09-09,1739645641746.0
2021-09-10,1741506501960.0
2021-09-13,1752738184136.0
2021-09-14,1754174886269.0
2021-09-15,1758379219453.0
2021-09-16,1747864132979.0
2021-09-17,1729546914031.0
2021-09-22,1736545997335.0
2021-09-23,1741426111012.0
2021-09-24,1731978614278.0
2021-09-27,1719411130806.0
2021-09-28,1716140925209.0
2021-09-29,1705448293662.0
2021-09-30,1685341197970.0
2021-10-08,1696126020041.0
2021-10-11,1699567295505.0
2021-10-12,1695596063634.0
2021-10-13,1692728393639.0
2021-10-14,1694411103077.0
2021-10-15,1689276155594.0
2021-10-18,1696589288671.0
2021-10-19,1699801047991.0
2021-10-20,1704684474244.0
2021-10-21,1704746365047.0
2021-10-22,1698688832425.0
2021-10-25,1705512672392.0
2021-10-26,1708429599607.0
2021-10-27,1709620746168.0
2021-10-28,1700538118787.0
2021-10-29,1696819179029.0
2021-11-01,1701247340273.0
2021-11-02,1695740481094.0
2021-11-03,1692790891116.0
2021-11-04,1697223859369.0
2021-11-05,1687306651685.0
2021-11-08,1692761352320.0
2021-11-09,1695936015398.0
2021-11-10,1697983495567.0
2021-11-11,1699134860345.0
2021-11-12,1698021905159.0
2021-11-15,1700043557104.0
2021-11-16,1696654598666.0
2021-11-17,1700647159840.0
2021-11-18,1701998799091.0
2021-11-19,1700343395314.0
2021-11-22,1711174261508.0
2021-11-23,1714861004141.0
2021-11-24,1718679121450.0
2021-11-25,1721290639689.0
2021-11-26,1717797762113.0
2021-11-29,1720524767968.0
2021-11-30,1723953293728.0
2021-12-01,1726952787265.0
2021-12-02,1724978706747.0
2021-12-03,1723119712942.0
2021-12-06,1722564288771.0
2021-12-07,1719603482935.0
2021-12-08,1722234050877.0
2021-12-09,1722539758121.0
2021-12-10,1723979721455.0
2021-12-13,1728976805923.0
2021-12-14,1730964065077.0
2021-12-15,1732835143041.0
2021-12-16,1732844806618.0
2021-12-17,1726087347955.0
2021-12-20,1723780289755.0
2021-12-21,1722032807580.0
2021-12-22,1723268396176.0
2021-12-23,1723932625992.0
2021-12-24,1714985044096.0
2021-12-27,1718459014192.0
2021-12-28,1721240763542.0
2021-12-29,1721147697416.0
2021-12-30,1721363204509.0
2021-12-31,1712050979156.0
2022-01-04,1719028439852.0
2022-01-05,1716321973743.0
2022-01-06,1717849438047.0
2022-01-07,1702701716180.0
2022-01-10,1704537299956.0
2022-01-11,1703603869104.0
2022-01-12,1705791530537.0
2022-01-13,1705246447417.0
2022-01-14,1700926208390.0
2022-01-17,1705334168612.0
2022-01-18,1702017732406.0
2022-01-19,1698769658037.0
2022-01-20,1688473242634.0
2022-01-21,1676502363766.0
2022-01-24,1674000097224.0
2022-01-25,1664854792401.0
2022-01-26,1657558254312.0
2022-01-27,1648404453734.0
2022-01-28,1620284746319.0
2022-02-07,1623791638542.0
2022-02-08,1622476434064.0
2022-02-09,1625111953950.0
2022-02-10,1624158047074.0
2022-02-11,1617950101471.0
2022-02-14,1620967058056.0
2022-02-15,1621715362408.0
2022-02-16,1623266716602.0
2022-02-17,1623648372691.0
2022-02-18,1619880036907.0
2022-02-21,1626818273093.0
2022-02-22,1629678176463.0
2022-02-23,1636222284911.0
2022-02-24,1631483045935.0
2022-02-25,1629540443327.0
2022-02-28,1631115584992.0
2022-03-01,1632648729898.0
2022-03-02,1634632732179.0
2022-03-03,1633449371353.0
2022-03-04,1628113579392.0
2022-03-07,1631354292087.0
2022-03-08,1629409843842.0
2022-03-09,1621587889053.0
2022-03-10,1619487036942.0
2022-03-11,1613372437341.0
2022-03-14,1614770054078.0
2022-03-15,1602365610313.0
2022-03-16,1598027475544.0
2022-03-17,1593823899439.0
2022-03-18,1586739100444.0
2022-03-21,1591468115379.0
2022-03-22,1591700179880.0
2022-03-23,1591740182070.0
2022-03-24,1591278046597.0
2022-03-25,1587204158673.0
2022-03-28,1585948924735.0
2022-03-29,1583834092285.0
2022-03-30,1586427863516.0
2022-03-31,1580691357675.0
2022-04-01,1570014352568.0
2022-04-06,1576305837056.0
2022-04-07,1572401567928.0
2022-04-08,1566538991960.0
2022-04-11,1558877749082.0
2022-04-12,1556566367080.0
2022-04-13,1551444896861.0
2022-04-14,1550214694307.0
2022-04-15,1541406889199.0
2022-04-18,1541020086668.0
2022-04-19,1540073032685.0
2022-04-20,1539704085716.0
2022-04-21,1529628570279.0
2022-04-22,1516997139383.0
2022-04-25,1493445392328.0
2022-04-26,1465449981821.0
2022-04-27,1454001431477.0
2022-04-28,1444456820773.0
2022-04-29,1433766873956.0
2022-05-05,1439755326348.0
2022-05-06,1438779380341.0
2022-05-09,1440870101378.0
2022-05-10,1442343682120.0
2022-05-11,1446591092850.0
2022-05-12,1445893452233.0
2022-05-13,1443722129615.0
2022-05-16,1445466592926.0
2022-05-17,1444992090738.0
2022-05-18,1446427234039.0
2022-05-19,1446738888466.0
2022-05-20,1443708541042.0
2022-05-23,1449488760556.0
2022-05-24,1447241395192.0
2022-05-25,1448800286881.0
2022-05-26,1448707011380.0
2022-05-27,1443794420334.0
2022-05-30,1445005450956.0
2022-05-31,1444564453720.0
2022-06-01,1444271337081.0
2022-06-02,1440704743538.0
2022-06-06,1449891516883.0
2022-06-07,1453354856802.0
2022-06-08,1456240238450.0
2022-06-09,1458088981643.0
2022-06-10,1456998905239.0
2022-06-13,1466528586267.0
2022-06-14,1470486707154.0
2022-06-15,1475423947891.0
2022-06-16,1479031105235.0
2022-06-17,1476938962458.0
2022-06-20,1483145642717.0
2022-06-21,1480928049270.0
2022-06-22,1485053500538.0
2022-06-23,1488024375079.0
2022-06-24,1486849602632.0
2022-06-27,1496113860178.0
2022-06-28,1504669436917.0
2022-06-29,1505245987750.0
2022-06-30,1509769354702.0
2022-07-01,1507199104063.0
2022-07-04,1515367880960.0
2022-07-05,1518731438768.0
2022-07-06,1523174672384.0
2022-07-07,1527690462273.0
2022-07-08,1523424003188.0
2022-07-11,1524498046501.0
2022-07-12,1522298938855.0
2022-07-13,1524635105774.0
2022-07-14,1526425535515.0
2022-07-15,1521216417581.0
2022-07-18,1526366641666.0
2022-07-19,1529284823880.0
2022-07-20,1531095178393.0
2022-07-21,1530613969965.0
2022-07-22,1527551306799.0
2022-07-25,1527034863760.0
2022-07-26,1527043497087.0
2022-07-27,1530976634346.0
2022-07-28,1531264615643.0
2022-07-29,1527734161860.0
2022-08-01,1530526780112.0
2022-08-02,1518472476091.0
2022-08-03,1515401070541.0
2022-08-04,1517750758138.0
2022-08-05,1514591483546.0
2022-08-08,1518632194045.0
2022-08-09,1523187930857.0
2022-08-10,1526348361774.0
2022-08-11,1527830160186.0
2022-08-12,1522318621934.0
2022-08-15,1527777003376.0
2022-08-16,1530483739115.0
2022-08-17,1533086559130.0
2022-08-18,1536274001563.0
2022-08-19,1530763997947.0
2022-08-22,1531987471412.0
2022-08-23,1534899195749.0
2022-08-24,1529359669298.0
2022-08-25,1526286896277.0
2022-08-26,1520947388193.0
2022-08-29,1521870409427.0
2022-08-30,1520934041375.0
2022-08-31,1510646316582.0
2022-09-01,1506717685928.0
2022-09-02,1503442858286.0
2022-09-05,1504379233730.0
2022-09-06,1504532003931.0
2022-09-07,1506618355121.0
2022-09-08,1505185018277.0
2022-09-09,1497110476315.0
2022-09-13,1499327757312.0
2022-09-14,1498981047064.0
2022-09-15,1493409168890.0
2022-09-16,1487843542859.0
2022-09-19,1484971722508.0
2022-09-20,1485755413117.0
2022-09-21,1486373982927.0
2022-09-22,1484471790186.0
2022-09-23,1477065570078.0
2022-09-26,1472607296678.0
2022-09-27,1471195993491.0
2022-09-28,1463996937749.0
2022-09-29,1459872885035.0
2022-09-30,1443562961433.0
2022-10-10,1444248920913.0
2022-10-11,1443429697155.0
2022-10-12,1444795233610.0
2022-10-13,1445754692572.0
2022-10-14,1443944283419.0
2022-10-17,1446331392733.0
2022-10-18,1448446742358.0
2022-10-19,1450330082370.0
2022-10-20,1450919260697.0
2022-10-21,1446717881612.0
2022-10-24,1449655873797.0
2022-10-25,1449534505123.0
2022-10-26,1453517222740.0
2022-10-27,1452567918771.0
2022-10-28,1441188245763.0
2022-10-31,1442817041461.0
2022-11-01,1446436491052.0
2022-11-02,1447694907123.0
2022-11-03,1452145293927.0
2022-11-04,1453139729518.0
2022-11-07,1458829674227.0
2022-11-08,1463218866915.0
2022-11-09,1465748854094.0
2022-11-10,1466319609089.0
2022-11-11,1459897382000.0
2022-11-14,1460445296557.0
2022-11-15,1463699589763.0
2022-11-16,1465564893966.0
2022-11-17,1468377106870.0
2022-11-18,1465063561891.0
2022-11-21,1471155259533.0
2022-11-22,1471176180045.0
2022-11-23,1471633386861.0
2022-11-24,1471629351588.0
2022-11-25,1464550183465.0
2022-11-28,1464227520831.0
2022-11-29,1466097274453.0
2022-11-30,1464357168827.0
2022-12-01,1465563180549.0
2022-12-02,1463828710315.0
2022-12-05,1470745688212.0
2022-12-06,1471571166144.0
2022-12-07,1474255596458.0
2022-12-08,1474201385346.0
2022-12-09,1471568283116.0
2022-12-12,1476854814941.0
2022-12-13,1476942207917.0
2022-12-14,1474676385976.0
2022-12-15,1477176780232.0
2022-12-16,1471803167639.0
2022-12-19,1469734484524.0
2022-12-20,1469984005842.0
2022-12-21,1466238870488.0
2022-12-22,1461744920525.0
2022-12-23,1456190472026.0
2022-12-26,1458321700162.0
2022-12-27,1456302774265.0
2022-12-28,1452984653510.0
2022-12-29,1452447457136.0
2022-12-30,1444510657578.0
2023-01-03,1449503135462.0
2023-01-04,1450533682515.0
2023-01-05,1452206628975.0
2023-01-06,1449148949196.0
2023-01-09,1451454238691.0
2023-01-10,1451206102148.0
2023-01-11,1449696235498.0
2023-01-12,1447614577723.0
2023-01-13,1443064682300.0
2023-01-16,1443338562592.0
2023-01-17,1441937323549.0
2023-01-18,1438680992751.0
2023-01-19,1436356809232.0
2023-01-20,1418772750818.0
2023-01-30,1439192453361.0
2023-01-31,1445064425461.0
2023-02-01,1453111568602.0
2023-02-02,1457697446724.0
2023-02-03,1458104672266.0
2023-02-06,1464142892683.0
2023-02-07,1469466500547.0
2023-02-08,1470943744560.0
2023-02-09,1472808339856.0
2023-02-10,1470632069892.0
2023-02-13,1476905075422.0
2023-02-14,1480609290913.0
2023-02-15,1483799356036.0
2023-02-16,1481066081244.0
2023-02-17,1476730018655.0
2023-02-20,1482119456846.0
2023-02-21,1484471175607.0
2023-02-22,1487663774582.0
2023-02-23,1488194769106.0
2023-02-24,1486535886976.0
2023-02-27,1487350169168.0
2023-02-28,1488008992796.0
2023-03-01,1491053253117.0
2023-03-02,1491229351255.0
2023-03-03,1488259637363.0
2023-03-06,1493935872877.0
2023-03-07,1491873384738.0
2023-03-08,1493528640462.0
2023-03-09,1495698640391.0
2023-03-10,1490348431041.0
2023-03-13,1492160892805.0
2023-03-14,1494213778420.0
2023-03-15,1494457259670.0
2023-03-16,1494106964387.0
2023-03-17,1492889875353.0
2023-03-20,1495608339392.0
2023-03-21,1497510374015.0
2023-03-22,1501159920172.0
2023-03-23,1504972917910.0
2023-03-24,1507191491781.0
2023-03-27,1515320697458.0
2023-03-28,1516886393982.0
2023-03-29,1515674977986.0
2023-03-30,1516584131113.0
2023-03-31,1512872458796.0
2023-04-03,1522810288290.0
2023-04-04,1524292192979.0
2023-04-06,1532402565909.0
2023-04-07,1530279045350.0
2023-04-10,1531973862183.0
2023-04-11,1533240132414.0
2023-04-12,1539331656415.0
2023-04-13,1539268709421.0
2023-04-14,1538164915593.0
2023-04-17,1541882373314.0
2023-04-18,1542912393981.0
2023-04-19,1545288042908.0
2023-04-20,1548527287360.0
2023-04-21,1541555687429.0
2023-04-24,1544367378168.0
2023-04-25,1536831056855.0
2023-04-26,1531976599425.0
2023-04-27,1524001082557.0
2023-04-28,1513756030986.0
2023-05-04,1524371184958.0
2023-05-05,1520546245035.0
2023-05-08,1526220038374.0
2023-05-09,1527667517978.0
2023-05-10,1528126137026.0
2023-05-11,1527231962579.0
2023-05-12,1521252820701.0
2023-05-15,1523372443904.0
2023-05-16,1521936985948.0
2023-05-17,1522985411063.0
2023-05-18,1526479702792.0
2023-05-19,1522165910602.0
2023-05-22,1521318243031.0
2023-05-23,1519073581455.0
2023-05-24,1519970349806.0
2023-05-25,1519017435687.0
2023-05-26,1516237323622.0
2023-05-29,1517676401937.0
2023-05-30,1517157284941.0
2023-05-31,1518686855870.0
2023-06-01,1519423267024.0
2023-06-02,1514502292018.0
2023-06-05,1516909416443.0
2023-06-06,1513256929577.0
2023-06-07,1513474172980.0
2023-06-08,1511195723419.0
2023-06-09,1508792100478.0
2023-06-12,1511993145396.0
2023-06-13,1511669934152.0
2023-06-14,1510558936808.0
2023-06-15,1509817683755.0
2023-06-16,1507078673826.0
2023-06-19,1513276774449.0
2023-06-20,1516269956150.0
2023-06-21,1507157113814.0
2023-06-26,1505323522793.0
2023-06-27,1504525109920.0
2023-06-28,1500006269483.0
2023-06-29,1500846099188.0
2023-06-30,1495290061307.0
2023-07-03,1498246479269.0
2023-07-04,1500564751825.0
2023-07-05,1501497864779.0
2023-07-06,1502319458923.0
2023-07-07,1498107830010.0
2023-07-10,1498772171778.0
2023-07-11,1499126213737.0
2023-07-12,1496314128942.0
2023-07-13,1494577458752.0
2023-07-14,1493149065363.0
2023-07-17,1495366206862.0
2023-07-18,1495479835029.0
2023-07-19,1495657223161.0
2023-07-20,1490575163639.0
2023-07-21,1485369904788.0
2023-07-24,1485302758974.0
2023-07-25,1484896294730.0
2023-07-26,1483553531098.0
2023-07-27,1482143986486.0
2023-07-28,1479024477006.0
2023-07-31,1486071136146.0
2023-08-01,1487898794652.0
2023-08-02,1490882570316.0
2023-08-03,1492566700034.0
2023-08-04,1493094123328.0
2023-08-07,1498567060634.0
2023-08-08,1498513279905.0
2023-08-09,1496365174272.0
2023-08-10,1495747706041.0
2023-08-11,1490399681443.0
2023-08-14,1490377608331.0
2023-08-15,1490112209271.0
2023-08-16,1487623808610.0
2023-08-17,1488707422044.0
2023-08-18,1484006725901.0
2023-08-21,1483824518807.0
2023-08-22,1483971738798.0
2023-08-23,1481231994654.0
2023-08-24,1478974259950.0
2023-08-25,1469249739399.0
2023-08-28,1475411408347.0
2023-08-29,1478478143122.0
2023-08-30,1479312522594.0
2023-08-31,1477113583904.0
2023-09-01,1472281922974.0
2023-09-04,1476104435575.0
2023-09-05,1477929464619.0
2023-09-06,1479808378196.0
2023-09-07,1477941755524.0
2023-09-08,1473721220951.0
2023-09-11,1499254366517.0
2023-09-12,1507786072549.0
2023-09-13,1512690551420.0
2023-09-14,1514623988945.0
2023-09-15,1516141785148.0
2023-09-18,1519510153039.0
2023-09-19,1519558817390.0
2023-09-20,1519648476598.0
2023-09-28,1509432280146.0
2023-10-09,1521352617071.0
2023-10-10,1527719748025.0
2023-10-11,1532777507969.0
2023-10-12,1536900874095.0
2023-10-13,1535448468553.0
2023-10-16,1539731586159.0
2023-10-17,1540303425298.0
2023-10-18,1539265001934.0
2023-10-19,1539688412700.0
2023-10-20,1536755935332.0
2023-10-23,1536251087968.0
2023-10-24,1538088528188.0
2023-10-25,1539090522525.0
2023-10-26,1539160913502.0
2023-10-27,1536736175889.0
2023-10-30,1546446551974.0
2023-10-31,1549144933520.0
2023-11-01,1552622833078.0
2023-11-02,1550363700875.0
2023-11-03,1546529794439.0
2023-11-06,1555997525823.0
2023-11-07,1561678861685.0
2023-11-08,1568962801027.0
2023-11-09,1570215995641.0
2023-11-10,1569637806143.0
2023-11-13,1575343118737.0
2023-11-14,1580765673526.0
2023-11-15,1585181706731.0
2023-11-16,1586043440014.0
2023-11-17,1585756346892.0
2023-11-20,1593876410316.0
2023-11-21,1594250270718.0
2023-11-22,1594974833629.0
2023-11-23,1595846578780.0
2023-11-24,1590809964146.0
2023-11-27,1592047334290.0
2023-11-28,1592430565099.0
2023-11-29,1594396616729.0
2023-11-30,1591584265718.0
2023-12-01,1591448710627.0
2023-12-04,1593201522598.0
2023-12-05,1592811041918.0
2023-12-06,1593260592426.0
2023-12-07,1594626909976.0
2023-12-08,1591068542396.0
2023-12-11,1594453416789.0
2023-12-12,1596965413738.0
2023-12-13,1598918874987.0
2023-12-14,1596722689594.0
2023-12-15,1595275520941.0
2023-12-18,1593212388222.0
2023-12-19,1594303405020.0
2023-12-20,1590052276996.0
2023-12-21,1591496142344.0
2023-12-22,1583585885488.0
2023-12-25,1583570842502.0
2023-12-26,1581262597960.0
2023-12-27,1582253333500.0
2023-12-28,1585349165253.0
2023-12-29,1578154322438.0
2024-01-02,1583788137465.0
2024-01-03,1584692247733.0
2024-01-04,1586914022378.0
2024-01-05,1578520950586.0
2024-01-08,1578928976363.0
2024-01-09,1575569167335.0
2024-01-10,1572898200519.0
2024-01-11,1573667834910.0
2024-01-12,1568612351673.0
2024-01-15,1569600107911.0
2024-01-16,1567071809000.0
2024-01-17,1566545169503.0
2024-01-18,1559810891676.0
2024-01-19,1552490169861.0
2024-01-22,1537413385199.0
2024-01-23,1533350799725.0
2024-01-24,1531132405039.0
2024-01-25,1535212011485.0
2024-01-26,1530207146774.0
2024-01-29,1526722859600.0
2024-01-30,1518776590729.0
2024-01-31,1499423529046.0
2024-02-01,1487960379430.0
2024-02-02,1458861190779.0
2024-02-05,1419420411988.0
2024-02-06,1404283256515.0
2024-02-07,1391140021740.0
2024-02-08,1374176000554.0
2024-02-19,1389600876833.0
2024-02-20,1395647562839.0
2024-02-21,1401123510172.0
2024-02-22,1406900048257.0
2024-02-23,1411605700096.0
2024-02-26,1420303032406.0
2024-02-27,1431367878148.0
2024-02-28,1434484527979.0
2024-02-29,1439737075911.0
2024-03-01,1441912938118.0
2024-03-04,1451631195982.0
2024-03-05,1447079636463.0
2024-03-06,1452327161951.0
2024-03-07,1450481791881.0
2024-03-08,1451761935655.0
2024-03-11,1459710972645.0
2024-03-12,1467014256702.0
2024-03-13,1474020354663.0
2024-03-14,1475127340784.0
2024-03-15,1475344485532.0
2024-03-18,1488945308968.0
2024-03-19,1492606719485.0
2024-03-20,1499493342611.0
2024-03-21,1505069944487.0
2024-03-22,1502995850338.0
2024-03-25,1502281903524.0
2024-03-26,1501289185060.0
2024-03-27,1497327262130.0
2024-03-28,1500934769527.0
2024-03-29,1495269424661.0
2024-04-01,1502613092598.0
2024-04-02,1504066899345.0
2024-04-03,1497458587970.0
2024-04-08,1502445355715.0
2024-04-09,1503115139107.0
2024-04-10,1499916172140.0
2024-04-11,1498374161578.0
2024-04-12,1494655675736.0
2024-04-15,1492065505779.0
2024-04-16,1484671156205.0
2024-04-17,1489414483905.0
2024-04-18,1491716102262.0
2024-04-19,1487180310692.0
2024-04-22,1487743640804.0
2024-04-23,1484743565469.0
2024-04-24,1484757881032.0
2024-04-25,1484192832215.0
2024-04-26,1480782433718.0
2024-04-29,1486432305061.0
2024-04-30,1472855448265.0
2024-05-06,1487897075924.0
2024-05-07,1490846585474.0
2024-05-08,1494665886949.0
2024-05-09,1495084011764.0
2024-05-10,1493512443408.0
2024-05-13,1495404738630.0
2024-05-14,1496964729500.0
2024-05-15,1495323817974.0
2024-05-16,1497963262538.0
2024-05-17,1493434833450.0
2024-05-20,1496261789059.0
2024-05-21,1497684498586.0
2024-05-22,1499788520909.0
2024-05-23,1497550901591.0
2024-05-24,1490947826963.0
2024-05-27,1490958816641.0
2024-05-28,1491181935900.0
2024-05-29,1490587339492.0
2024-05-30,1489651166556.0
2024-05-31,1487188566475.0
2024-06-03,1485845788426.0
2024-06-04,1482278889222.0
2024-06-05,1481190263166.0
2024-06-06,1475048970447.0
2024-06-07,1468646783133.0
2024-06-11,1473312983847.0
2024-06-12,1475051029833.0
2024-06-13,1475845126452.0
2024-07-08,1431742117774.0
2024-07-09,1431328290840.0
2024-07-10,1429227358734.0
2024-07-11,1432104322283.0
2024-07-12,1427375739875.0
2024-07-15,1425470926650.0
2024-07-16,1425093145730.0
2024-07-17,1420022595752.0
2024-07-18,1415299543667.0
2024-07-19,1409755204800.0
2024-07-22,1413455916011.0
2024-07-23,1410802931297.0
2024-07-24,1408292851890.0
2024-07-25,1408115853005.0
2024-07-26,1404925379195.0
2024-07-29,1406973859061.0
2024-07-30,1407421527937.0
2024-07-31,1412670600975.0
2024-08-01,1414940991500.0
2024-08-02,1410787474580.0
2024-08-05,1405312553393.0
2024-08-06,1406992357032.0
2024-08-07,1406728447433.0
2024-08-08,740311931631.0
2024-08-09,1403454559545.0
2024-08-12,1402184887364.0
2024-08-13,1403109614183.0
2024-08-14,1403926453372.0
2024-08-15,1401858736361.0
2024-08-16,1398877969740.0
2024-08-19,1399053768835.0
2024-08-20,1397297545702.0
2024-08-21,1395500971949.0
2024-08-22,1389686575213.0
2024-08-23,1384177952682.0
2024-08-26,1383967206767.0
2024-08-27,1380355689940.0
2024-08-28,1378731380542.0
2024-08-29,1379464628198.0
2024-08-30,1380425674291.0
2024-09-02,1381872866397.0
2024-09-03,1381421521860.0
2024-09-04,1380084775717.0
2024-09-05,1379658687548.0
2024-09-06,1374394233443.0
2024-09-09,1374880027585.0
2024-09-10,1374976372627.0
2024-09-11,1373149380199.0
2024-09-12,1371979723310.0
2024-09-13,1363337947439.0
2024-09-18,1362126450925.0
2024-09-19,1364070822984.0
2024-09-20,1360476778626.0
2024-09-23,1360032780025.0
2024-09-24,1361715539808.0
2024-09-25,1361557630133.0
2024-09-26,1365213793441.0
2024-09-27,1383703675082.0
2024-09-30,1429501818504.0
2024-10-08,1536548935327.0
2024-10-09,1576390006302.0
2024-10-10,1577830723449.0
2024-10-11,1570021010247.0
2024-10-14,1576419944203.0
2024-10-15,1578536067751.0
2024-10-16,1580227955933.0
2024-10-17,1583794414537.0
2024-10-18,1599724962404.0
2025-06-19,1803771963941.0
2025-06-20,1795582727539.0
2025-06-23,1799705081714.0
2025-06-24,1804833097178.0
2025-06-25,1811638367055.0
2025-06-26,1820786957134.0
2025-06-27,1821686102938.0
2025-06-30,1832335393975.0
2025-07-01,1836033171588.0
2025-07-02,1837085614686.0
2025-07-03,1840467688088.0
2025-07-04,1834182269423.0
2025-07-07,1840495280722.0
2025-07-08,1845974616973.0
2025-07-09,1849817469827.0
2025-07-10,1854516111649.0
2025-07-11,1856683085695.0
2025-07-14,1866412234525.0
2025-07-15,1871356924087.0
2025-07-16,1878165704443.0
2025-07-17,1885193930194.0
2025-07-18,1883244371086.0
2025-07-21,1898484773567.0
2025-07-22,1913440236999.0
2025-07-23,1916087518085.0
2025-07-24,1922112164897.0
2025-07-25,1927634164768.0
2025-07-28,1946815554194.0
2025-07-29,1962087336671.0
2025-07-30,1964254730712.0
2025-07-31,1964698211351.0
2025-08-01,1960039902763.0
2025-08-04,1971360752504.0
2025-08-05,1980089813707.0
2025-08-06,1988957784098.0
2025-08-07,1992488926534.0
2025-08-08,1988953365036.0
2025-08-11,2005690038666.0
2025-08-12,2013781550276.0
2025-08-13,2025443450689.0
2025-08-14,2034306294468.0
2025-08-15,2041897132799.0
2025-08-18,2081112783039.0
2025-08-19,2110095327288.0
2025-08-20,2125416951589.0
2025-08-21,2124445886795.0
2025-08-22,2132788693617.0
2025-08-25,2165594433044.0
2025-08-26,2184780768028.0
2025-08-27,2204881616931.0
2025-08-28,2221057090247.0
2025-08-29,2238100514487.0
2025-09-01,2273496156564.0
2025-09-02,2265035436812.0
2025-09-03,2266563512355.0
2025-09-04,2256847188262.0
2025-09-05,2263795662053.0
2025-09-08,2289880004039.0
2025-09-09,2295796656429.0
2025-09-10,2301574638381.0
2025-09-11,2315916154127.0
2025-09-12,2327097707494.0
2025-09-15,2345427666827.0
2025-09-16,2367967676734.0
2025-09-17,2380613067411.0
2025-09-18,2377985808496.0
2025-09-19,2373848676870.0
2025-09-22,2393033830318.0
2025-09-23,2392250958143.0
2025-09-24,2406372090497.0
2025-09-25,2419651213277.0
2025-09-26,2400398363957.0
2025-09-29,2404826959580.0
2025-09-30,2370972118303.0
2025-10-09,2421681333228.0
2025-10-10,2418185651082.0
2025-10-13,2420388570480.0
2025-10-14,2422674929141.0
2025-10-15,2424974005516.0
2025-10-16,2432575326416.0
2025-10-17,2405382024292.0
2025-10-20,2405766692462.0
2025-10-21,2419673815243.0
2025-10-22,2427967822902.0
2025-10-23,2426377191667.0
2025-10-24,2432297248557.0
2025-10-27,2456667850644.0
2025-10-28,2469363777991.0
2025-10-29,2480662402813.0
2025-10-30,2473270262516.0
2025-10-31,2460989122997.0
2025-11-03,2469023159919.0
2025-11-04,2465712848488.0
2025-11-05,2465569782515.0
2025-11-06,2472592078662.0
2025-11-07,2467573804799.0
2025-11-10,2475243848876.0
2025-11-11,2479265531870.0
2025-11-12,2476241652329.0
2025-11-13,2480261416995.0
2025-11-14,2466861998344.0
2025-11-17,2474440299981.0
2025-11-18,2477023966549.0
2025-11-19,2472454630074.0
2025-11-20,2466619249662.0
2025-11-21,2437559646440.0
2025-11-24,2434755411919.0
2025-11-25,2438794712037.0
2025-11-26,2444786656458.0
2025-11-27,2447527579329.0
2025-11-28,2448973139044.0
2025-12-01,2459139618103.0
2025-12-02,2461350217002.0
2025-12-03,2457665108761.0
2025-12-04,2458973561734.0
2025-12-05,2456610584650.0
2025-12-08,2475180491924.0
2025-12-09,2485359874016.0
2025-12-10,2488831436012.0
2025-12-11,2482436665596.0
2025-12-12,2476016835154.0
2025-12-15,2480855593465.0
2025-12-16,2480357528954.0
2025-12-17,2478154119196.0
2025-12-18,2474841169284.0
2025-12-19,2479379468494.0
2025-12-22,2491913248112.0
2025-12-23,2506708381019.0
2025-12-24,2516763819265.0
2025-12-25,2520547931574.0
2025-12-26,2518483462081.0
2025-12-29,2526830095079.0
2025-12-30,2530534098397.0
2025-12-31,2516188348107.0
2026-01-05,2535283591915.0
2026-01-06,2554020158077.0
2026-01-07,2578985286669.0
2026-01-08,2594767453263.0
2026-01-09,2601486948742.0
2026-01-12,2647072209154.0
2026-01-13,2656280225099.0
2026-01-14,2671342958207.0
2026-01-15,2692102218608.0
2026-01-16,2705452081653.0
2026-01-19,2696820515975.0
2026-01-20,2683043990172.0
2026-01-21,2694523080321.0
2026-01-22,2698557225801.0
2026-01-23,2697148070427.0
2026-01-26,2699102833268.0
2026-01-27,2696948999309.0
2026-01-28,2716299659866.0
2026-01-29,2713292657149.0
2026-01-30,2689875945094.0
2026-02-02,2683946105688.0
2026-02-03,2681051984202.0
2026-02-04,2667151010054.0
2026-02-05,2655394024084.0
2026-02-06,2638383830521.0
2026-02-09,2638781838995.0
2026-02-10,2635049141945.0
2026-02-11,2619179391302.0
2026-02-12,2620597108157.0
2026-02-13,2564012285101.0
2026-02-24,2597750389722.0
2026-02-25,2621383885644.0
2026-02-26,2641396664216.0
2026-02-27,2643255222910.0
2026-03-02,2647833221815.0
2026-03-03,2625355638801.0
2026-03-04,2617107659727.0
2026-03-05,2625435939602.0
2026-03-06,2619309085077.0
2026-03-09,2619048882638.0
2026-03-10,2628777076224.0
2026-03-11,2634199544732.0
2026-03-12,2637441320399.0
2026-03-13,2624833288165.0
2026-03-16,2634554002442.0
2026-03-17,2625550250825.0
2026-03-18,2628124337772.0
2026-03-19,2623835315111.0
2026-03-20,2606569847833.0
2026-03-23,2595170904991.0
2026-03-24,2588296184219.0
2026-03-25,2591468692480.0
2026-03-26,2590604985033.0
2026-03-27,2582693415482.0
2026-03-30,2590495142289.0
2026-03-31,2582338030855.0
2026-04-01,2583044909907.0
2026-04-02,2572055528853.0
2026-04-03,2554721808244.0
2026-04-07,2558522218973.0
2026-04-08,2574652442848.0
2026-04-09,2582072670263.0
2026-04-10,2587403798130.0
2026-04-13,2603417021680.0
2026-04-14,2619762419287.0
2026-04-15,2629944594985.0
2026-04-16,2640679137139.0
2026-04-17,2642847623455.0
2026-04-20,2671904542698.0
2026-04-21,2678306998070.0
2026-04-22,2691968846032.0
2026-04-23,2695768367122.0
2026-04-24,2684530395510.0
2026-04-27,2700072341557.0
2026-04-28,2700228761671.0
2026-04-29,2703892296907.0
2026-04-30,2687150297414.0
2026-05-06,2728233110932.0
2026-05-07,2757723021996.0
2026-05-08,2773528480275.0
2026-05-11,2804080579409.0
2026-05-12,2820961344960.0
2026-05-13,2843886146932.0
2026-05-14,2853030724404.0
2026-05-15,2847268661690.0
2026-05-18,2862838207286.0
2026-05-19,2868055773231.0
2026-05-20,2874633421166.0
2026-05-21,2866281385111.0
2026-05-22,2869272686704.0
2026-05-25,2894540135255.0
2026-05-26,2901881410316.0
2026-05-27,2905953157259.0
2026-05-28,2911570544937.0
2026-05-29,2882153674224.0
2026-06-01,2874492304359.0
2026-06-02,2875830960728.0
2026-06-03,2884325894829.0
2026-06-04,2890892143802.0
2026-06-05,2876849604298.0
2026-06-08,2853492718549.0
2026-06-09,2857130072324.0
2026-06-10,2849039584836.0
2026-06-11,2843816389145.0
2026-06-12,2843413920944.0
2026-06-15,2867474336592.0
2026-06-16,2893839130094.0
